corp_nm,corp_gbn,prdct,addr,lon,lat
(주)대유글로벌 전주지점,대기업,알루미늄 휠,전라북도 완주군 봉동읍 용암리 827번지,127.1315243,35.94181664
(주)알에프세미,대기업,ECM CHIP,전라북도 완주군 봉동읍 둔산리 948-9번지,127.1248074,35.95053241
(주)케이씨씨 전주1공장,대기업,PVC샷시/ 전기전자용도자기,전라북도 완주군 봉동읍 용암리 820번지 (완주산업단지),127.1194558,35.94266371
(주)케이씨씨 전주2공장,대기업,건축용 도료/ EMC 등,전라북도 완주군 봉동읍 용암리 846번지 (완주산업단지),127.1271424,35.93687129
대주코레스(주),대기업,자동차용부품,전라북도 완주군 봉동읍 둔산리 857-5번지,127.1235645,35.96619138
삼육유기농,대기업,베지버거/ 미트/ 구프랑,전라북도 완주군 운주면 장선리 680번지,127.2707155,36.08706991
아이큐어(주),대기업,외용제의약품/ 화장품/ 건강기능식품/ 분말류 식품/ 마스크 등,전라북도 완주군 봉동읍 용암리 788번지,127.1405963,35.94871302
엘에스엠트론(주),대기업,트랙터/ 사출성형기/냉동공조기/궤도외,전라북도 완주군 봉동읍 용암리 778번지,127.1281718,35.94821701
엘에스엠트론(주),대기업,농업용기계,전라북도 완주군 봉동읍 장구리 580-7번지,127.1192307,35.96992932
현대자동차(주),대기업,중대형버스/ 중대형트럭/ 특장차,전라북도 완주군 봉동읍 둔산리 951-1번지 현대자동차 인화관,127.1284232,35.95253791
현대자동차(주) 전주공장,대기업,중.대형버스/중.대형트럭/특장차,전라북도 완주군 봉동읍 용암리 800번지 현대자동차,127.1373022,35.94530473
(사)꿈드래장애인협회 꿈드래작업장,중소기업,수배전반/ 자동제어반/ 일반조명장치 등,전라북도 완주군 고산면 어우리 583,127.1813348,35.96020939
(사)꿈드래장애인협회 희망센터,중소기업,하폐수장비 및 구성품등,전라북도 완주군 고산면 어우리 583,127.1813348,35.96020939
(유)가나안셔터,중소기업,금속 셔터문,전라북도 완주군 용진읍 구억리 847-2,127.1645653,35.87016724
(유)강남식품,중소기업,떡/ 국수,전라북도 완주군 이서면 이문리 711-2번지,127.0144332,35.82119879
(유)고려인더,중소기업,자동차 부품(트랜스미션),전라북도 완주군 봉동읍 용암리 767번지,127.1405098,35.9513269
(유)고려전기,중소기업,수배전반/ 제어반/ 분전반,전라북도 완주군 용진읍 용흥리 392-5번지,127.1747162,35.89039733
(유)네온,중소기업,태양광 및 태양열 금속구조물/ 태양열설비/ 태양광발전장치 그 외 부품,전라북도 완주군 삼례읍 수계리 1401,127.1156024,35.93898718
(유)눈부신자연애,중소기업,막걸리(생/ 꾸지뽕/ 산양산삼)/ 발효주(과실/생강/채소),전라북도 완주군 소양면 황운리 128-4번지,127.2462281,35.86595892
(유)늘푸른에너지,중소기업,금속지지대. 태양광발전 접속함,전라북도 완주군 봉동읍 구암리 807-13,127.1077348,35.95039493
(유)다미,중소기업,찰보리빵/ 쿠키,전라북도 완주군 봉동읍 낙평리 375-3번지,127.1678253,35.9319883
(유)다수테크,중소기업,자동차부품,전라북도 완주군 봉동읍 용암리 767-9번지,127.1410452,35.95082842
(유)대성하이텍,중소기업,프레스 금형,전라북도 완주군 봉동읍 둔산리 924-5번지,127.1328899,35.95567964
(유)대원이엔씨,중소기업,휠,전라북도 완주군 봉동읍 용암리 826번지,127.1321974,35.94288198
(유)대풍,중소기업,유기질 비료,전라북도 완주군 비봉면 백도리 473번지,127.1700666,35.9826118
(유)대흥,중소기업,놀이기구,전라북도 완주군 봉동읍 은하리 1005-1번지,127.1446364,35.95871621
(유)도일이엔지,중소기업,여과기탱크/ 각종배관 등,전라북도 완주군 삼례읍 하리 742번지,127.0992347,35.89765745
(유)동영이엔씨,중소기업,방진망,전라북도 완주군 봉동읍 은하리 897-0,127.1531473,35.96185846
(유)드림씨앤에스,중소기업,플라스틱 창호제품,전라북도 완주군 이서면 상개리 54-10번지,127.0448629,35.82289503
(유)만들기대장,중소기업,교육용 교재,전라북도 완주군 용진읍 상삼리 695번지,127.1747726,35.85977931
(유)명성,중소기업,가공목재/ 강화목재,전라북도 완주군 구이면 원기리 784번지,127.1127967,35.7322246
(유)반주창호 유리산업,중소기업,하이샤시,전라북도 완주군 삼례읍 하리 1059-1번지,127.0938665,35.90555237
(유)반주창호유리산업,중소기업,복층유리,전라북도 완주군 삼례읍 하리 1020-1번지,127.0935388,35.90502098
(유)봉동제일식품,중소기업,생강즙,전라북도 완주군 봉동읍 은하리 827-3번지,127.1509634,35.96115808
(유)산에들에 농업회사법인,중소기업,탁주,전라북도 완주군 구이면 계곡리 272-2번지,127.1149215,35.68047232
(유)삼광,중소기업,금속구조재/ 농기계부품,전라북도 완주군 봉동읍 구암리 818번지,127.1048679,35.95509167
(유)삼보콘크리트,중소기업,레미콘,전라북도 완주군 구이면 안덕리 304-1번지,127.0927089,35.68078412
(유)삼육비앤알,중소기업,제4종 복합비료,전라북도 완주군 소양면 신촌리 271-1번지,127.2833729,35.81241914
(유)삼익인테리어,중소기업,씽크대/붙박이장,전라북도 완주군 용진읍 신지리 719-1번지 ,127.1769008,35.92989421
(유)상관철망 2공장,중소기업,휀스/ 철망,전라북도 완주군 상관면 신리 564-12,127.2053693,35.774277
(유)성경엔지니어링,중소기업,금속탱크 및 저장용기,전라북도 완주군 봉동읍 둔산리 924-2번지,127.1318056,35.95568246
(유)성원레미콘,중소기업,레미콘,전라북도 완주군 소양면 해월리 555-5번지,127.2571107,35.85171995
(유)송원,중소기업,자동차용샤시프레임,전라북도 완주군 봉동읍 제내리 430-1번지,127.1219537,35.98598644
(유)씨피전자,중소기업,다이오드/ 트랜지스터/ 유사반도체,전라북도 완주군 봉동읍 둔산리 948-12번지,127.1225828,35.95438255
(유)에스엔지반도체,중소기업,반도체실리콘웨이퍼,전라북도 완주군 봉동읍 둔산리 864-8번지 전북과학연구소,127.1208912,35.96486054
(유)에스엔지반도체,중소기업,반도체 실리콘 웨이퍼 백그라인딩,전라북도 완주군 삼례읍 수계리 1361,127.1195893,35.93651909
(유)에이엠산업,중소기업,자동차 후사경,전라북도 완주군 봉동읍 둔산리 868-16번지,127.1164312,35.95819119
(유)에이플러스건설,중소기업,자동차부품-armrest/ inside door panel,전라북도 완주군 봉동읍 장구리 580-9,127.1201251,35.96837335
(유)오성그룹,중소기업,다인승 자전거,전라북도 완주군 봉동읍 둔산리 868-11번지,127.1156159,35.96124015
(유)온비츠로,중소기업,간판 및 광고물,전라북도 완주군 용진읍 상운리 237-1 A동 1층 우측,127.1552516,35.88548657
(유)와이엔에스,중소기업,자동차부품,전라북도 완주군 봉동읍 장구리 580-9번지,127.1201251,35.96837335
(유)우경에너텍,중소기업,신재생에너지제품 설계 및 제작,전라북도 완주군 이서면 이성리 305번지,127.047306,35.79970705
(유)우진산업사,중소기업,아스콘,전라북도 완주군 소양면 해월리 560-1번지,127.254522,35.85491662
(유)우진엔지니어링,중소기업,철구구조물/ 탱크,전라북도 완주군 봉동읍 구미리 725 번지,127.1301808,35.92804594
(유)원테크,중소기업,금형/PVC압출제품,전라북도 완주군 봉동읍 용암리 774번지,127.1178383,35.94849626
(유)이씨엠알,중소기업,자동차부품,전라북도 완주군 봉동읍 장구리 580-9번지,127.1201251,35.96837335
(유)일호네트웍스,중소기업,여과장치/ 압력여과장치/ 소형정수장치,전라북도 완주군 이서면 갈산리 665-5,127.0572419,35.83674158
(유)전라도푸드 F&C,중소기업,양/ 선지 등,전라북도 완주군 상관면 죽림리 179-1번지,127.2235654,35.7490224
(유)정가네,중소기업,감자탕/ 갈비탕,전라북도 완주군 상관면 죽림리 176-1번지,127.2242371,35.74933867
(유)제이에스테크,중소기업,육상 구조물,전라북도 완주군 봉동읍 용암리 825번지,127.128441,35.9431832
(유)제일금속,중소기업,자동차 부품,전라북도 완주군 봉동읍 장구리 587-5,127.1119393,35.96725562
(유)좋은바이오,중소기업,토양미생물제제,전라북도 완주군 고산면 서봉리 342-1,127.2070786,35.98885668
(유)진명산업,중소기업,주방용 음식점용 목재가구,전라북도 완주군 구이면 계곡리 313-3번지,127.1139822,35.67685493
(유)진명종합건설,중소기업,철구조물,전라북도 완주군 구이면 계곡리 313-3번지,127.1139822,35.67685493
(유)찬드림푸드,중소기업,밥/ 반찬류,전라북도 완주군 용진읍 신지리 806번지,127.1714291,35.92432471
(유)축산냄새연구소,중소기업,보조사료(생균제)/냄새탈출제,전라북도 완주군 이서면 이문리 711번지 전북대학교창업보육3센터 1동 110호,127.0143447,35.82182536
(유)태흥애드,중소기업,간판 및 광고물,전라북도 완주군 소양면 명덕리 551-5,127.2128065,35.87958074
(유)한누리개발,중소기업,보행매트,전라북도 완주군 이서면 은교리 843,127.0080382,35.81195794
(유)한빛레이저,중소기업,자동차/ 태양광 발전시설 부품,전라북도 완주군 봉동읍 장구리 584-5,127.1159638,35.96594302
(유)한풍제약,중소기업,의약품,전라북도 완주군 봉동읍 둔산리 852-1번지,127.1254598,35.97057132
(유)한풍제약,중소기업,의약품,전라북도 완주군 봉동읍 장구리 580-2번지,127.1244525,35.97137916
(유)한흥콘크리트,중소기업,시멘트/ 벽돌/ 블럭,전라북도 완주군 소양면 해월리 506-8번지,127.2525535,35.85906419
(유)현춘식품,중소기업,구이김,전라북도 완주군 용진읍 상삼리 665-1번지,127.1761045,35.8617485
(유)호경,중소기업,레미콘/아스콘,전라북도 완주군 봉동읍 제내리 143번지,127.1290601,35.9803854
(유)홍석,중소기업,금속기둥/ 금속상자 등,전라북도 완주군 용진읍 용흥리 154번지,127.1640582,35.89010495
(유)휴먼에노스,중소기업,기타식품,전라북도 완주군 소양면 대흥리 969-5번지,127.2514612,35.86853801
(재)자동차융합가술원,중소기업,자동차 부품 금형,전라북도 완주군 봉동읍 장구리 580-10번지,127.1192324,35.96850636
(재)자동차융합기술원,중소기업,금형,전라북도 완주군 봉동읍 장구리 580-6번지,127.1197623,35.96864823
(재)전북테크노파크 연구개발지원센터,중소기업,임대/ 연구 및 시험생산,전라북도 완주군 봉동읍 둔산리 864-9번지,127.1192336,35.96483859
(주) 진영,중소기업,섬유밴드/레이스,전라북도 완주군 이서면 용서리 63-14번지,127.0202615,35.82609504
(주)BYC,중소기업,편직원단,전라북도 완주군 이서면 은교리 842번지 (이서농공단지),127.0068,35.81490713
(주)가나엔지니어링,중소기업,증류기/ 열교환기/ 가스발생기,전라북도 완주군 봉동읍 둔산리 868-9번지,127.115599,35.96039002
(주)가온셀,중소기업,휴대폰배터리팩/ 특수배터리/ 연료전지,전라북도 완주군 봉동읍 둔산리 864-2번지,127.1182945,35.96465359
(주)강동,중소기업,레미콘,전라북도 완주군 봉동읍 둔산리 223-7번지,127.1340369,35.96232897
(주)강동콘크리트,중소기업,레미콘,전라북도 완주군 상관면 신리 489-4번지,127.2037835,35.7748958
(주)강동콘크리트,중소기업,레미콘,전라북도 완주군 상관면 신리 531-1번지,127.2038327,35.77428421
(주)건국테크,중소기업,특수차량제작,전라북도 완주군 봉동읍 장구리 675,127.1089722,35.96354434
(주)경인씨엔씨,중소기업,살균제/탈취제,전라북도 완주군 이서면 이문리 711번지 전북대학교창업보육3센터 제1동 105호,127.0143447,35.82182536
(주)고려철강,중소기업,SQ pipe 가공제,전라북도 완주군 봉동읍 용암리 570번지,127.1368788,35.94015732
(주)그린팜푸드 농업회사법인,중소기업,돈가스/ 장조림,전라북도 완주군 봉동읍 율소리 618번지,127.1731429,35.95569862
(주)길승산업,중소기업,썬루프가이드라인/ 상용차 창문,전라북도 완주군 봉동읍 장구리 582-2번지,127.114371,35.9729696
(주)나인텍,중소기업,캠핑카 외,전라북도 완주군 봉동읍 장구리 584-4,127.1153815,35.96575927
(주)남광스틸,중소기업,중장비 자동차 부품,전라북도 완주군 봉동읍 둔산리 868-2번지,127.1164162,35.96114619
(주)남광스틸,중소기업,공기 조화기,전라북도 완주군 봉동읍 둔산리 868-3,127.116519,35.96043591
(주)남광이앤씨,중소기업,기계 카바류,전라북도 완주군 봉동읍 둔산리 868-2번지,127.1164162,35.96114619
(주)남일플랜트,중소기업,금속탱크/ 배관,전라북도 완주군 봉동읍 둔산리 852-7번지,127.1224509,35.96859568
(주)내츄럴엔텍,중소기업,탈취제,전라북도 완주군 구이면 원기리 668-1 7동,127.1208731,35.72530254
(주)농심바이오 완주지점,중소기업,유기질비료,전라북도 완주군 비봉면 백도리 360번지 (360번지),127.1733205,35.99252946
(주)뉴아심,중소기업,가발용 원사,전라북도 완주군 봉동읍 둔산리 852-4번지,127.1212514,35.96779173
(주)뉴텍,중소기업,특장차 부품,전라북도 완주군 봉동읍 장구리 581-5,127.1174076,35.97533891
(주)다산엠티,중소기업,자동차부품/특수부품/산업용부품,전라북도 완주군 봉동읍 장구리 587-6번지,127.1120453,35.96483813
(주)다인스,중소기업,발열부직포제품(발열안대/발열요대/ 발열마스크)/ 이차전지 제조장비/ 탄소소재 응용재품,전라북도 완주군 봉동읍 장구리 581-3번지,127.115423,35.97535165
(주)다한산업,중소기업,플라스틱 성형기 ,전라북도 완주군 봉동읍 장구리 587-1,127.1119932,35.96782235
(주)담수연,중소기업,양파즙,전라북도 완주군 고산면 양야리 643-1번지,127.2030154,35.95149818
(주)대광에프앤에스,중소기업,마늘/ 양파 탈피,전라북도 완주군 화산면 화월리 616-3번지,127.1986746,36.03119223
(주)대덕아이엠티,중소기업,차체 및 특장차 제조,전라북도 완주군 봉동읍 장구리 580-1 대덕아이엠티,127.123936,35.97235339
(주)대동철강,중소기업,자동차/ 특장차/ 농기계 부품 외 기타 금속가공,전라북도 완주군 봉동읍 장구리 580-8번지,127.122826,35.97047663
(주)대보엔지니어링(완주지점),중소기업,수소전기차 조립지그 ,전라북도 완주군 봉동읍 장구리 587-1 5동 1호 ,127.1119932,35.96782235
(주)대원기계,중소기업,농기계부품,전라북도 완주군 봉동읍 둔산리 863-8번지,127.1164825,35.96252358
(주)대유글로벌 전주지점,중소기업,자동차용 휠,전라북도 완주군 봉동읍 둔산리 926-12번지,127.1301378,35.95698035
(주)대유합금,중소기업,알루미늄 휠,전라북도 완주군 봉동읍 용암리 826 주식회사 대유글로벌 전주지점,127.1321974,35.94288198
(주)대진정공,중소기업,특장차/ 소방차 및 구급차,전라북도 완주군 봉동읍 둔산리 926-11번지,127.1292964,35.95832429
(주)대진정공,중소기업,믹서트럭/소방차,전라북도 완주군 봉동읍 장구리 582-3번지,127.1156266,35.97282078
(주)대창금속,중소기업,금속절단가공품,전라북도 완주군 봉동읍 용암리 802-6번지 완주산업단지,127.1286562,35.944431
(주)대한엔바이로테크,중소기업,유동판식 탈수기 고액분리기,전라북도 완주군 봉동읍 장구리 56-9번지,127.1251227,35.97455974
(주)더블유에스,중소기업,살균제,전라북도 완주군 봉동읍 둔산리 926-16번지,127.1265656,35.95783665
(주)데카머티리얼,중소기업,이차전지음극소재,전라북도 완주군 봉동읍 둔산리 864-9 (재)전북테크노파크 이차전지신소재융합동 2호,127.1192336,35.96483859
(주)도경,중소기업,태양광 경관등,전라북도 완주군 봉동읍 제내리 509-1번지 백제예술대 창업보육센터 203,127.1273859,35.99431614
(주)동명기계,중소기업,열교환,전라북도 완주군 봉동읍 둔산리 931-8번지,127.118761,35.95661552
(주)동양 건재부문 전주공장,중소기업,레디믹스콘크리트,전라북도 완주군 봉동읍 은하리 288-1번지,127.1458795,35.95344633
(주)동우,중소기업,환풍기,전라북도 완주군 소양면 화심리 552번지,127.2677575,35.8460572
(주)동원에프앤비 완주공장,중소기업,생수,전라북도 완주군 소양면 신원리 136-4,127.3002776,35.85439037
(주)동일이앤지,중소기업,특장차부품,전라북도 완주군 봉동읍 둔산리 868-13번지,127.1146453,35.95972447
(주)디딤돌,중소기업,살리고,전라북도 완주군 봉동읍 장구리 578-2번지,127.1206927,35.9733331
(주)디에이치,중소기업,버스차체용 부품,전라북도 완주군 봉동읍 용암리 803-1번지,127.1275133,35.94605455
(주)디엘시스템,중소기업,알루미늄 창호,전라북도 완주군 소양면 신교리 108-1번지,127.1996986,35.85472833
(주)디엠,중소기업,자동차 차체용 부품,전라북도 완주군 봉동읍 둔산리 863-15,127.1164899,35.96301294
(주)디유이엔지,중소기업,금속구조재,전라북도 완주군 봉동읍 둔산리 870-10번지,127.1182188,35.95957915
(주)럭키강업,중소기업,철제빔가공,전라북도 완주군 비봉면 봉산리 620번지,127.156953,35.9775905
(주)레나,중소기업,태양광 구조물 등,전라북도 완주군 봉동읍 장구리 583-13번지,127.1180799,35.96740961
(주)레나인터내셔널,중소기업,태양광 구조물,전라북도 완주군 봉동읍 장구리 583-13번지,127.1180799,35.96740961
(주)로드씰,중소기업,아스팔트/ 봉함재/ 교면방수재/ 방수시트,전라북도 완주군 이서면 이성리 414-2번지,127.0441087,35.79601344
(주)로드테크,중소기업,표지병(도로표지판),전라북도 완주군 용진읍 구억리 218번지,127.173382,35.85876832
(주)로드폴,중소기업,볼라드/ 점자블록외,전라북도 완주군 삼례읍 하리 1290-448번지,127.0950472,35.9007066
(주)루비,중소기업,대용량 배터리팩,전라북도 완주군 봉동읍 둔산리 864-10 번지 우석대학교 지역혁신센터 208호,127.1215852,35.96474836
(주)마바산업,중소기업,특장차(버스/트럭),전라북도 완주군 봉동읍 용암리 764-3번지,127.1409803,35.95305114
(주)모듈러스쿨 완주지점,중소기업,모듈러 임시교사,전라북도 완주군 구이면 계곡리 487-2,127.112824,35.66860929
(주)모터에이드,중소기업,컨버터,전라북도 완주군 삼례읍 후정리 420-3번지 우석대학교,127.0653624,35.91047568
(주)모학테프,중소기업,실/ 고무줄/ 보강테프,전라북도 완주군 이서면 은교리 559-9번지,127.0148127,35.81701924
(주)미보기아,중소기업,자동차부품,전라북도 완주군 봉동읍 장구리 581-1,127.1139208,35.97431954
(주)바이오세라,중소기업,향균바이오세라믹,전라북도 완주군 봉동읍 신성리 6-1번지 ,127.1682021,35.92813721
(주)바이오플러스,중소기업,미생물,"전라북도 완주군 봉동읍 둔산리 864-8번지 전북과학연구소 창조관 311, 312, 313호",127.1208912,35.96486054
(주)벨로스타,중소기업,전기자전거,전라북도 완주군 봉동읍 둔산리 864-12번지,127.1216818,35.96517383
(주)보성알앤디,중소기업,지하철승강장안전문/ 철도차량내장재/ 알루미늄가공품 등,전라북도 완주군 봉동읍 둔산리 948-2번지,127.1235962,35.95491892
(주)부흥산업,중소기업,알루미늄복합패널/ 석제단열패널,전라북도 완주군 용진읍 상운리 299-7,127.1531371,35.88952247
(주)뷰텍모터스,중소기업,특장차,전라북도 완주군 봉동읍 둔산리 924-16번지,127.1307592,35.95881992
(주)뷰텍모터스,중소기업,차량 KD 및 특장차 철구조물,전라북도 완주군 봉동읍 둔산리 926-6번지,127.1296883,35.95599497
(주)브릿지,중소기업,도교/부잔교/선박기자재 등,전라북도 완주군 봉동읍 둔산리 926-16번지,127.1265656,35.95783665
(주)브릿지,중소기업,도교/ 부잔교/ 선박기자재,전라북도 완주군 봉동읍 장구리 587-5,127.1119393,35.96725562
(주)비디텍,중소기업,전기자동차 배터리 하우징 부품,전라북도 완주군 봉동읍 둔산리 924-7번지,127.1337946,35.95567855
(주)비에이치산업,중소기업,알루미늄복합패널/ 석제단열패널,전라북도 완주군 용진읍 상운리 299-7,127.1531371,35.88952247
(주)비지스,중소기업,heater/pipe,전라북도 완주군 봉동읍 용암리 802-2번지,127.1293144,35.94510641
(주)비지에프푸드,중소기업,김밥,전라북도 완주군 봉동읍 둔산리 924-20번지,127.1305943,35.96090106
(주)산맥,중소기업,가드레일,전라북도 완주군 용진읍 용흥리 155-1번지,127.1643053,35.89016689
(주)삼보,중소기업,레미콘/아스콘,전라북도 완주군 구이면 안덕리 304-1번지,127.0927089,35.68078412
(주)삼아엠티,중소기업,자동차 휠 금형,전라북도 완주군 봉동읍 둔산리 863-12번지,127.1165259,35.96360637
(주)삼양패키징 전주공장,중소기업,PET병,전라북도 완주군 용진읍 신지리 1256 번지,127.1774778,35.91904175
(주)삼영메탈,중소기업,자동차부품,전라북도 완주군 봉동읍 둔산리 868-15번지,127.1155329,35.95877318
(주)삼현철강,중소기업,자동차부품,전라북도 완주군 봉동읍 장구리 579-1번지,127.1218731,35.97518936
(주)새눈,중소기업,서버/ 카메라,"전라북도 완주군 봉동읍 둔산리 864-1번지 전북과학연구소 연구동 219, 220호",127.1202844,35.96517848
(주)새롬식품,중소기업,국수/라면,전라북도 완주군 소양면 해월리 1007-23번지,127.2578287,35.87563997
(주)서린테크,중소기업,자동차부품(머플러),전라북도 완주군 봉동읍 용암리 767-6번지,127.1408422,35.95063291
(주)서부아스콘,중소기업,아스콘,전라북도 완주군 이서면 이문리 733번지,127.0093468,35.82152068
(주)서인디앤피,중소기업,박스,전라북도 완주군 봉동읍 둔산리 926-24번지 서인디앤피,127.1282941,35.95832239
(주)서진이엔지,중소기업,낙농기자재자동화기기,전라북도 완주군 용진읍 구억리 468-2번지,127.164199,35.86800365
(주)성경,중소기업,PVC RACK제조 및 유지보수,전라북도 완주군 봉동읍 둔산리 924-3번지,127.132167,35.95568125
(주)세원하드페이싱,중소기업,자동차용 동력전달장치/ 금속가공 등,전라북도 완주군 봉동읍 용암리 848번지,127.1299749,35.9355939
(주)세이브에너지,중소기업,태양광발전장치/ 태양광가로등,전라북도 완주군 이서면 은교리 617-1번지 ,127.0118322,35.81892943
(주)세진공업,중소기업,적재함/ 금형 CIMBR류,전라북도 완주군 봉동읍 둔산리 926-1번지,127.1283665,35.95957621
(주)셈,중소기업,신재생에너지구조설비,전라북도 완주군 봉동읍 둔산리 868-21번지,127.1159186,35.95852812
(주)소나무공작소,중소기업,주방용 목재가구/ 교육용 diy,전라북도 완주군 소양면 황운리 633-4,127.2365734,35.85607004
(주)솔라파크수상부력체,중소기업,수상태양광 부유체,전라북도 완주군 봉동읍 둔산리 855-5번지 솔라파크엠(주) (주)솔라파크에스엠씨,127.1261348,35.9692038
(주)송레이저,중소기업,자동차부품(도어),전라북도 완주군 봉동읍 장구리 56-9번지,127.1251227,35.97455974
(주)송산기공,중소기업,자동차용 샤시프레임,전라북도 완주군 봉동읍 제내리 363-1번지,127.1196339,35.98342909
(주)수한이엔지,중소기업,영상 감지 장치,"전라북도 완주군 봉동읍 둔산리 864-9 (재)전북테크노파크 전북과학기술진흥센터 창조관 221호, 222호",127.1192336,35.96483859
(주)스테비팜,중소기업,스테비아 토마토,전라북도 완주군 삼례읍 삼례리 219-3,127.0798695,35.91944809
(주)스페이스센싱,중소기업,레드선/ 제어계측용 시험장비/ 제어용 컨트롤러,"전라북도 완주군 봉동읍 둔산리 864-9 전북과학기술진흥센터 연구동 317호, 320호",127.1192336,35.96483859
(주)승광,중소기업,머플러,전라북도 완주군 봉동읍 장구리 578-10번지,127.1188706,35.97244044
(주)승본산업,중소기업,총기부품,전라북도 완주군 봉동읍 장구리 587-7 2동 1층,127.1121662,35.96435017
(주)신성이엔에스,중소기업,거점식 소독/ 세척시스템/ 출구소독시스템/ 공장자동화기계,전라북도 완주군 삼례읍 수계리 1358,127.1195933,35.93734219
(주)신창정공,중소기업,자동차차체부품,전라북도 완주군 봉동읍 둔산리 924-1번지,127.1314305,35.95570026
(주)신한방,중소기업,면사,전라북도 완주군 이서면 은교리 843번지,127.0080382,35.81195794
(주)신화창조,중소기업,주방용 오물분쇄기,전라북도 완주군 구이면 계곡리 313-14번지,127.1134531,35.67624481
(주)실크로,중소기업,누에고치(실크) 펩타이드,전라북도 완주군 봉동읍 둔산리 864-9 (재)전북테크노파크 전북과학기술진흥센터,127.1192336,35.96483859
(주)썬로드테크,중소기업,가드레일,전라북도 완주군 봉동읍 둔산리 852-7번지,127.1224509,35.96859568
(주)썬텍에너지,중소기업,스팀/ 전기,전라북도 완주군 봉동읍 용암리 798-1번지,127.1411853,35.94466503
(주)쓰리축코리아,중소기업,가변축,전라북도 완주군 봉동읍 장구리 581-8번지,127.1154214,35.97425647
(주)씨케이메탈 완주지점,중소기업,알루미늄 휠,전라북도 완주군 봉동읍 둔산리 926-24번지,127.1282941,35.95832239
(주)아성이엔지,중소기업,승강기,전라북도 완주군 소양면 황운리 854-11,127.2284012,35.85374467
(주)아시아2공장,중소기업,철망 등,전라북도 완주군 봉동읍 장구리 583-11번지,127.1139951,35.96813284
(주)아이비휀스,중소기업,철망,전라북도 완주군 용진읍 신지리 751,127.1730781,35.92702788
(주)아이엘,중소기업,경관조명,전라북도 완주군 봉동읍 둔산리 864-9 (재)전북테크노파크 전북과학기술진흥센터,127.1192336,35.96483859
(주)아이엠,중소기업,태양광발전장치/ 태양광구조물,전라북도 완주군 봉동읍 둔산리 931-1,127.118112,35.95843405
(주)아이엠,중소기업,태양광 발전용 접속반,전라북도 완주군 봉동읍 둔산리 931-11번지,127.1181114,35.95801948
(주)아헤스,중소기업,Power to Gas System/ 고압액체수소혼합저장용기/ 비귀금속 기반 저가형 전극/ 수전해 설비,전라북도 완주군 봉동읍 장구리 587-6,127.1120453,35.96483813
(주)에너지11,중소기업,나트륨 배터리 ,전라북도 완주군 봉동읍 둔산리 863-14 공장동,127.1156594,35.96211232
(주)에스엠엔테크,중소기업,연구용로봇/ 통신장비 케이스,전라북도 완주군 봉동읍 장구리 580-4,127.1221783,35.9702271
(주)에스엠전자,중소기업,태양광 발전장치/ 수배전반,전라북도 완주군 봉동읍 장구리 584-2,127.113687,35.96476764
(주)에스엠텍,중소기업,세이브라인/ 접이식피난구,전라북도 완주군 봉동읍 장구리 578-2번지,127.1206927,35.9733331
(주)에스엠특장,중소기업,윙바디 가드/ 윙바디 FLOOR,전라북도 완주군 봉동읍 둔산리 948-26번지,127.1237996,35.95360317
(주)에스이엔,중소기업,자동차부품(이너피스),전라북도 완주군 봉동읍 장구리 584-4,127.1153815,35.96575927
(주)에이.비.아이,중소기업,헴철(식품첨가물),전라북도 완주군 이서면 이문리 711번지 전북대학교 창업보육센터 2동 104호,127.0143447,35.82182536
(주)에이스터보,중소기업,송풍기,전라북도 완주군 봉동읍 장구리 587-5번지,127.1119393,35.96725562
(주)에이스테크,중소기업,자동차도어 및 기타부품,전라북도 완주군 봉동읍 장구리 673-1,127.1089743,35.96565189
(주)에이치엔엠이엔지,중소기업,자동화설비/ 차량안전시스템/ 태양광발전시시템,전라북도 완주군 봉동읍 장구리 584-7번지,127.1147738,35.96564441
(주)에이치티오 라이프,중소기업,다류(액상차),전라북도 완주군 고산면 읍내리 57-1번지,127.2142453,35.97831587
(주)에이치티오 라이프,중소기업,다류(액상차),전라북도 완주군 봉동읍 장구리 56-4번지,127.1247154,35.9749586
(주)에코스이엔씨,중소기업,태양광 발전장치 외,전라북도 완주군 봉동읍 장구리 584-7번지,127.1147738,35.96564441
(주)에코스틸,중소기업,돌망태 용접철망/ 디자인시트,전라북도 완주군 소양면 신촌리 271-1번지,127.2833729,35.81241914
(주)에코팜,중소기업,농업용 장거리 무선 제어기/ 유황훈증기,전라북도 완주군 봉동읍 둔산리 864-9 연구동 102호,127.1192336,35.96483859
(주)엘리트산업,중소기업,BUMPER BEAM & ASSY,전라북도 완주군 봉동읍 장구리 578-10번지,127.1188706,35.97244044
(주)엘에이테크,중소기업,자동차부품/ 특장차,전라북도 완주군 봉동읍 용암리 802-1번지,127.128602,35.94511601
(주)연합엔지니어링,중소기업,펌프등 기계부품,전라북도 완주군 삼례읍 하리 1111-3번지,127.0878793,35.90332902
(주)영산글로넷,중소기업,자동차부품,전라북도 완주군 봉동읍 용암리 796번지,127.1401527,35.94489417
(주)영산글로넷,중소기업,특장차개조,전라북도 완주군 봉동읍 장구리 583-2번지,127.1151493,35.9695273
(주)오클로케미칼,중소기업,살균소독 탈취제,전라북도 완주군 비봉면 내월리 370번지,127.1338474,36.00261415
(주)온컴퍼니,중소기업,시제품/ 설계원본,전라북도 완주군 봉동읍 둔산리 864-8번지 전북과학연구소 연구동 315호,127.1208912,35.96486054
(주)올그린텍코리아,중소기업,옥외용벤치/ 버스승강장,전라북도 완주군 봉동읍 구암리 823,127.1038609,35.95384135
(주)와이에이치에스앤티,중소기업,트랙터 부품/ 교통시설물,전라북도 완주군 봉동읍 장구리 672,127.1079134,35.96581768
(주)우영,중소기업,연료탱크,전라북도 완주군 봉동읍 용암리 825-3번지 (완주산업단지),127.1299201,35.94303056
(주)원진알미늄,중소기업,BIPV,전라북도 완주군 봉동읍 장구리 585-2번지,127.113449,35.96273277
(주)원진에코텍,중소기업,유기성 폐기물 감량화 기기,전라북도 완주군 봉동읍 둔산리 868-3,127.116519,35.96043591
(주)원효,중소기업,크로스멤버/ 서브후레임,전라북도 완주군 봉동읍 둔산리 870-7번지,127.1185127,35.96051705
(주)웰트리,중소기업,공기 정화/ 악취저감 배기설비,전라북도 완주군 봉동읍 둔산리 926-3번지,127.1305312,35.95600082
(주)유스타팜,중소기업,기타수산물가공품(쭈꾸미)/ 조미식품(양념),전라북도 완주군 이서면 이문리 711 전북대학교창업보육3센터 5동,127.0143447,35.82182536
(주)유창푸드빌,중소기업,돈육가공품/돈양념육,전라북도 완주군 소양면 해월리 381-1번지,127.2522057,35.86817009
(주)은덕중공업탄탄,중소기업,추적식 솔라 가로등/ 보일러,전라북도 완주군 봉동읍 둔산리 868-14번지,127.1147922,35.95932481
(주)은산,중소기업,논슬립,전라북도 완주군 봉동읍 둔산리 864-1번지 전북과학연구소 2층 12호,127.1202844,35.96517848
(주)이레테크,중소기업,LED전광판/ 조명등,전라북도 완주군 용진읍 간중리 698-1번지,127.1786145,35.89338473
(주)이수식품,중소기업,구이김,전라북도 완주군 상관면 신리 339-18번지,127.2183536,35.77423349
(주)이엠테크,중소기업,자동차부품,전라북도 완주군 봉동읍 둔산리 868-21번지,127.1159186,35.95852812
(주)이엠테크,중소기업,자동차부품,전라북도 완주군 봉동읍 장구리 575-1번지,127.1187422,35.97753201
(주)이엠테크,중소기업,자동차부품,전라북도 완주군 봉동읍 장구리 575-2번지,127.1183968,35.97669664
(주)이주테크,중소기업,논슬립/ 안전덮개,전라북도 완주군 용진읍 용흥리 354-3,127.1719515,35.89031156
(주)이지,중소기업,철도차량내장재,전라북도 완주군 봉동읍 둔산리 948-15,127.1247468,35.95325224
(주)이지스FSD,중소기업,방화문,전라북도 완주군 봉동읍 둔산리 924-23,127.131619,35.95622755
(주)이태리도어산업,중소기업,창호/가구,전라북도 완주군 상관면 신리 583-1번지,127.2101104,35.76994517
(주)인,중소기업,자동차부품/ 프레스금형,전라북도 완주군 봉동읍 장구리 582-1번지,127.1134052,35.97313328
(주)인데버랩,중소기업,마스크/ 필터,전라북도 완주군 봉동읍 둔산리 864-1번지 전북과학연구소 창조관 224호,127.1202844,35.96517848
(주)인비텍,중소기업,방초시트/ 격자고정시트,전라북도 완주군 이서면 이성리 592-1번지 1동,127.0427869,35.81027732
(주)인익스,중소기업,방충망,전라북도 완주군 봉동읍 장구리 581-4번지,127.1164208,35.97535068
(주)일렉트릭코리아,중소기업,분전반/ 전력제어반 등,전라북도 완주군 삼례읍 신금리 862-22번지,127.0888757,35.9261354
(주)일진이플러스,중소기업,히트펌프 등,전라북도 완주군 봉동읍 둔산리 852-5번지,127.1206358,35.96741545
(주)자연그대로,중소기업,탈취(소취)제,전라북도 완주군 운주면 장선리 269-1번지,127.2803226,36.08393313
(주)전주특강,중소기업,철판가공품/ 규격품/ 금형부품,전라북도 완주군 봉동읍 장구리 587-7번지,127.1121662,35.96435017
(주)제이머신,중소기업,금속 부품 가공,전라북도 완주군 봉동읍 둔산리 868-11번지,127.1156159,35.96124015
(주)제이머신,중소기업,마늘수확기/ 파종기/ 전기,전라북도 완주군 삼례읍 수계리 1406,127.1163724,35.93700451
(주)제이앤씨테크,중소기업,자동차 차체 시제품,전라북도 완주군 봉동읍 장구리 666,127.1099165,35.96587724
(주)조영산업,중소기업,사출기 프레임/ 브라켓/ 커버,전라북도 완주군 봉동읍 장구리 667,127.1100939,35.96509696
(주)주원산업,중소기업,자동차 부품,전라북도 완주군 봉동읍 둔산리 926-19번지,127.1279343,35.95785575
(주)주현,중소기업,틸트로테이터60/ 버켓 등,전라북도 완주군 봉동읍 구암리 39-36번지,127.1166137,35.9434916
(주)지니스,중소기업,방성균 및 미생물 분석 제품,"전라북도 완주군 봉동읍 둔산리 864-9번지 연구동 101, 102, 107호",127.1192336,35.96483859
(주)지비피,중소기업,와이퍼레버/ 핸들커버 등,전라북도 완주군 봉동읍 둔산리 924-9번지,127.1343377,35.95567767
(주)지비피,중소기업,산업용 고무제품,전라북도 완주군 봉동읍 둔산리 924-6,127.1332516,35.95567924
(주)지티,중소기업,블레이드/ 너셀,전라북도 완주군 봉동읍 둔산리 948-2번지,127.1235962,35.95491892
(주)진셀바이오텍,중소기업,재조합단백질,전라북도 완주군 봉동읍 용암리 809-1번지,127.1259704,35.9443668
(주)진흥창호,중소기업,알루미늄 창호제품,전라북도 완주군 이서면 상개리 54-11번지 ,127.0449012,35.82317314
(주)카본머티리얼,중소기업,울트라 스몰토우 난연섬유/ 울트라 스몰토우 탄소섬유,전라북도 완주군 봉동읍 둔산리 864-9 (재)전북테크노파크 이차전지신소재융합동 1호,127.1192336,35.96483859
(주)카이테크,중소기업,자동차발전기용 전압조정기 및 모터제어기,전라북도 완주군 용진읍 신지리 1077-3번지,127.1720246,35.92051962
(주)케이아이티,중소기업,쇽업쇼바/ 피난사다리 등,전라북도 완주군 봉동읍 장구리 580-3번지,127.1235507,35.9708891
(주)케이앤씨,중소기업,다이캐스팅 제조,전라북도 완주군 봉동읍 둔산리 924-24번지,127.1323447,35.95708329
(주)케이앤에프,중소기업,씽크대/ 붙박이장,전라북도 완주군 용진읍 용흥리 401-3번지,127.173944,35.89127654
(주)케이에이치티,중소기업,방위산업제품/ 자동차부품등,전라북도 완주군 봉동읍 둔산리 868-17번지,127.1171506,35.95799519
(주)케이엘테크,중소기업,기화장치/ 가스장비/ 가스혼합장치/ 가스부품,전라북도 완주군 삼례읍 수계리 1352,127.1195852,35.93834961
(주)케이티지오 농업회사법인 전주지점,중소기업,유기질비료/ 퇴비,전라북도 완주군 비봉면 봉산리 909-1번지,127.1481142,35.98260503
(주)코일마스터,중소기업,인덕터,전라북도 완주군 봉동읍 둔산리 863-14번지,127.1156594,35.96211232
(주)탑솔,중소기업,지열히트펌프,전라북도 완주군 봉동읍 장구리 578-9번지,127.1188699,35.97201884
(주)태광이앤비,중소기업,산업용 냉동기계/ 농업용 냉동유니트,전라북도 완주군 상관면 용암리 487-8,127.2315437,35.72486127
(주)태성콘크리트산업,중소기업,콘크리트 맨홀/ 옹벽,전라북도 완주군 용진읍 구억리 11-1,127.1806029,35.87937932
(주)태성테크,중소기업,지그/ 기계부품/ 자동차부품/ 전기,전라북도 완주군 삼례읍 수계리 1405-1,127.1162941,35.93728649
(주)태영기계,중소기업,흡수식냉온수기,전라북도 완주군 봉동읍 둔산리 868-22번지,127.115098,35.95899007
(주)토로라이프,중소기업,TORO Origin,전라북도 완주군 용진읍 운곡리 1039-3번지,127.1594304,35.89876289
(주)투윈테크,중소기업,밸브실/ 제수변보호통,전라북도 완주군 봉동읍 둔산리 863-6번지,127.1150538,35.96283579
(주)티엔에스산업,중소기업,자동차부품(썬루프 등),전라북도 완주군 봉동읍 장구리 582-2번지,127.114371,35.9729696
(주)팔마,중소기업,레미콘,전라북도 완주군 봉동읍 장구리 43-7 팔마,127.1295798,35.97467902
(주)포웰링,중소기업,액상칼슘비료/동물용사료/식품첨가물,전라북도 완주군 봉동읍 구미리 537번지,127.1339263,35.93395362
(주)폴리셀,중소기업,마스크팩,전라북도 완주군 상관면 신리 536-1번지,127.2030815,35.77489627
(주)푸른엔텍,중소기업,저장탱크/ 집진기,전라북도 완주군 봉동읍 둔산리 868-11번지,127.1156159,35.96124015
(주)프로모텍,중소기업,자동차 시작부품,전라북도 완주군 봉동읍 용암리 850-2,127.1325413,35.93717656
(주)프로텍스코리아,중소기업,계면활성제,전라북도 완주군 봉동읍 용암리 831번지,127.1372088,35.94231407
(주)플래닝썬,중소기업,반도체 소자,전라북도 완주군 이서면 이문리 711,127.0143447,35.82182536
(주)하나정밀,중소기업,금형/ 자동차부품,전라북도 완주군 봉동읍 장구리 587-4번지,127.1119371,35.96519367
(주)하이엘,중소기업,VARISTOR/PTC/ THERMISTOR,전라북도 완주군 소양면 해월리 395번지,127.2519886,35.86697783
(주)하이젠비앤티,중소기업,자동차부품,전라북도 완주군 봉동읍 둔산리 868-12번지,127.1146631,35.96073375
(주)하이테크,중소기업,농기계 연료탱크/ 소형 보조탱크/ 커버/ 노브,전라북도 완주군 삼례읍 수계리 1389,127.1203086,35.93856392
(주)한국선진철도시스템,중소기업,철도차량내외장부품,전라북도 완주군 봉동읍 둔산리 868-7번지,127.1156802,35.95951818
(주)한국선진철도시스템,중소기업,철도차량내외장부품,전라북도 완주군 봉동읍 둔산리 948-15,127.1247468,35.95325224
(주)한국융복합바이오공학센터,중소기업,유기질 비료,전라북도 완주군 소양면 황운리 474-1번지,127.2394916,35.84649096
(주)한국토미,중소기업,특장용 샤시 및 보조차축,전라북도 완주군 봉동읍 장구리 587-2번지,127.1117741,35.96657642
(주)한성공업,중소기업,농기계 부품,전라북도 완주군 봉동읍 둔산리 852-10번지,127.12216,35.96792888
(주)한양오토모티브,중소기업,자동차부품(쇽압쇼바/ 샤시부품/ 파이프제조),전라북도 완주군 봉동읍 둔산리 931-4번지,127.120624,35.95630544
(주)한우리홈데코,중소기업,목창호 및 가구,전라북도 완주군 이서면 은교리 652-40번지,127.009402,35.81821837
(주)한울특수공업,중소기업,잭실린더,전라북도 완주군 삼례읍 신금리 363-45번지,127.094486,35.92810989
(주)한원,중소기업,태양광 구조물,전라북도 완주군 봉동읍 장구리 584-7번지,127.1147738,35.96564441
(주)한일의료기,중소기업,전기매트,전라북도 완주군 봉동읍 구미리 57번지,127.1476796,35.95000131
(주)한풍네이처팜,중소기업,의료용품 및 기타 의약관련제품,전라북도 완주군 봉동읍 둔산리 852-1번지,127.1254598,35.97057132
(주)한풍네이처팜,중소기업,건강기능식품/ 완제의약품,전라북도 완주군 봉동읍 장구리 578-5번지,127.1227782,35.97154933
(주)한호 제1공장,중소기업,버스 바닥 내장제 / HRT/,전라북도 완주군 봉동읍 용암리 790번지 (완주산업단지),127.1400254,35.94708631
(주)한흥물산,중소기업,지함박스류,전라북도 완주군 이서면 은교리 844번지,127.0097505,35.81007409
(주)해담이엔지,중소기업,구조물 제작,전라북도 완주군 봉동읍 둔산리 931-8번지,127.118761,35.95661552
(주)해밀,중소기업,애견용 샴푸/ 구강스프레이,전라북도 완주군 삼례읍 하리 1061-1번지,127.0942614,35.90515804
(주)햇빛누리,중소기업,태양광모듈 거치용 철재구조물 제작,전라북도 완주군 삼례읍 삼례리 1097-4번지,127.0784936,35.91589476
(주)향미원,중소기업,채소절임식품,전라북도 완주군 이서면 이문리 711번지 전북대학교 창업보육센터 101동 201호,127.0143447,35.82182536
(주)현대기공,중소기업,자동화설비,전라북도 완주군 봉동읍 장구리 584-2 현대기공,127.113687,35.96476764
(주)현대산업,중소기업,조경토/ 기포혼화제(건축자재),전라북도 완주군 소양면 해월리 289-1번지,127.2555139,35.87411072
(주)현성사,중소기업,배전반/ 제어장치,전라북도 완주군 봉동읍 둔산리 948-5번지,127.1226517,35.95053455
(주)협성시에스,중소기업,버스프레임부품(찬넬류),전라북도 완주군 봉동읍 용암리 802-2번지,127.1293144,35.94510641
(주)호롱불,중소기업,태양광 조명장치,전라북도 완주군 이서면 이문리 711번지 전북대학교창업보육3센터 제2-206,127.0143447,35.82182536
(주)호이스트코리아,중소기업,아웃트리거/ 붐/ 호이스트크레인/ 농업용 임업용 기계제조,전라북도 완주군 봉동읍 둔산리 863-16,127.1191248,35.96637089
(주)화신,중소기업,자동차엔진용품제조업,전라북도 완주군 봉동읍 용암리 802-14번지 ,127.1307156,35.94434226
(주)황제식품,중소기업,혼합분말/ 앙금,전라북도 완주군 용진읍 운곡리 118번지,127.1843275,35.90638336
(주)후성,중소기업,부품도장,전라북도 완주군 봉동읍 장구리 578-1번지,127.1188896,35.97307985
(주)흥진금속,중소기업,프레스금형,전라북도 완주군 봉동읍 둔산리 924-13 번지,127.1314309,35.95770741
B&C 아로마 허브 파크,중소기업,화장품,전라북도 완주군 화산면 화평리 641-3번지,127.2015719,36.03397714
GT산업,중소기업,금속가공제품,전라북도 완주군 삼례읍 신탁리 109번지,127.1290375,35.90976082
JK창호금속,중소기업,창호 등,전라북도 완주군 이서면 이문리 367-1번지,127.0084827,35.83208027
가천약주,중소기업,약주,전라북도 완주군 경천면 경천리 338번지,127.2636223,36.02026078
개미성전력 주식회사,중소기업,간판 및 광고물,전라북도 완주군 용진읍 상운리 237-1 A동 1층 좌측,127.1552516,35.88548657
건우,중소기업,금형제작,전라북도 완주군 봉동읍 용암리 802-5번지,127.1292634,35.94474579
건홍테크,중소기업,기계및장비부품,전라북도 완주군 봉동읍 둔산리 868-19번지,127.1146257,35.96012509
경진복합판넬,중소기업,복합판넬,전라북도 완주군 이서면 상개리 54-19번지,127.0462407,35.82178253
고산감골식품영농조합법인,중소기업,감잎차,전라북도 완주군 고산면 읍내리 57-1번지,127.2142453,35.97831587
고산농업협동조합,중소기업,축산부산물비료,전라북도 완주군 비봉면 백도리 429번지,127.169516,35.98557457
고택주조,중소기업,탁주,전라북도 완주군 구이면 계곡리 329번지,127.1131978,35.6758931
고향식품,중소기업,물엿,전라북도 완주군 소양면 황운리 39-2번지 ,127.2467186,35.87069489
구암쌀두부영농조합법인,중소기업,두부류/ 두부가공품,전라북도 완주군 구이면 원기리 624,127.1174019,35.73047551
구암쌀두부영농조합법인,중소기업,두부,전라북도 완주군 봉동읍 구암리 900-2번지,127.1011188,35.94479325
구이가공밸리,중소기업,건조채소/ 과채류/ 두유 등,전라북도 완주군 구이면 원기리 624번지,127.1174019,35.73047551
구이건업,중소기업,하이샷시창호,전라북도 완주군 구이면 계곡리 174-1번지,127.1193409,35.69268181
구이종합식품,중소기업,두부,전라북도 완주군 구이면 계곡리 268-5번지,127.1142994,35.68401387
국민개발(주),중소기업,금속구조제/ 조립식판넬,전라북도 완주군 구이면 계곡리 1022-97번지,127.1082488,35.66159627
굿모닝바이오,중소기업,오크린 팜,전라북도 완주군 경천면 경천리 227-3번지,127.2514414,36.0212463
그린종합산업,중소기업,FRP물탱크,전라북도 완주군 이서면 상개리 223-4번지,127.0415099,35.81177431
금강산업,중소기업,FRP,전라북도 완주군 상관면 죽림리 216-8번지,127.2197968,35.74624388
금강산업(주),중소기업,자물쇠,전라북도 완주군 소양면 황운리 598-3번지,127.2384728,35.85363948
금정테크,중소기업,금속구조재(H-beam),전라북도 완주군 이서면 금평리 406-3번지,127.0508139,35.82291862
기홍,중소기업,자동차부품,전라북도 완주군 봉동읍 둔산리 863-15 번지,127.1164899,35.96301294
나들이(주),중소기업,마스크,전라북도 완주군 봉동읍 둔산리 864-9 (재)전북테크노파크 전북과학기술진흥센터,127.1192336,35.96483859
나사렛목재산업,중소기업,목재 문/ 한옥 전통창호,전라북도 완주군 용진읍 구억리 311-1,127.1721044,35.85878124
노란주전자주조,중소기업,모주,전라북도 완주군 소양면 대흥리 617번지,127.2454091,35.87641429
농업회사법인 (주)황토농산,중소기업,오리포장육,전라북도 완주군 이서면 이성리 398-4번지,127.048049,35.79522171
농업회사법인 꼬숨식품(주),중소기업,생들기름/ 참기름/ 들기름,전라북도 완주군 소양면 해월리 862-17번지,127.2617727,35.85939712
농업회사법인 이오주식회사,중소기업,유기사료,전라북도 완주군 구이면 항가리 856-3번지,127.1199216,35.70716018
농업회사법인 주식회사 고산,중소기업,깐마늘,전라북도 완주군 고산면 율곡리 186-2번지,127.1845257,35.97107336
농업회사법인 주식회사 대성팜,중소기업,쌀가루/ 밀가루,전라북도 완주군 봉동읍 제내리 430-1번지,127.1219537,35.98598644
농업회사법인 주식회사 미라클바이오,중소기업,꾸지뽕 추출액 등,전라북도 완주군 구이면 계곡리 29번지,127.11917,35.6980765
농업회사법인 하오바이오(주),중소기업,식물재배용 인큐베이터,전라북도 완주군 고산면 남봉리 470-15번지,127.1873919,35.96914487
농업회사법인(유)다농라이스,중소기업,쌀/ 잡곡 도정,전라북도 완주군 고산면 서봉리 342-1번지,127.2070786,35.98885668
농업회사법인(주)나이테,중소기업,부분육(육계),전라북도 완주군 봉동읍 구미리 578-1번지,127.1363871,35.933182
농업회사법인(주)애니웰,중소기업,육류가공품/ 반려견 사료,전라북도 완주군 소양면 해월리 417-2,127.2504091,35.86340487
농업회사법인(주)진블루베리,중소기업,진블루베리즙/ 잼/ 진액 등,전라북도 완주군 소양면 명덕리 311-2번지,127.2115476,35.86441743
농업회사법인모심유한회사,중소기업,한우사골곰탕,전라북도 완주군 봉동읍 장기리 1181-13 모심,127.1559791,35.93719778
농업회사법인유한회사 완주베리,중소기업,블랙베리 가공식품(원액/ 진액 등),전라북도 완주군 경천면 경천리 227-9번지,127.252245,36.0214436
농업회사법인주식회사말린,중소기업,건조채소,전라북도 완주군 구이면 원기리 624,127.1174019,35.73047551
농촌사람들영농조합법인,중소기업,쌀찐빵/떡국/떡볶기/ 쌀국수/쌀만두,전라북도 완주군 이서면 이문리 711번지,127.0143447,35.82182536
눈부신자연애바이오(주),중소기업,미량요소복합비료(나야나),전라북도 완주군 소양면 황운리 128-4,127.2462281,35.86595892
뉴트리영농조합법인,중소기업,원예용 상토/ 4종복합비료,전라북도 완주군 소양면 신원리 657-1번지,127.289859,35.84200291
느루,중소기업,보건용마스크,전라북도 완주군 이서면 은교리 844번지,127.0097505,35.81007409
늘푸른식품,중소기업,김치등,전라북도 완주군 삼례읍 석전리 34-14번지,127.1140138,35.93535759
다다,중소기업,금속절단/ 금속가공,전라북도 완주군 이서면 상개리 54-16번지,127.0458864,35.82264887
다산기공(주) 제2공장,중소기업,총기부품/자동차엔진부품류및자동화산업기계,전라북도 완주군 봉동읍 용암리 798-5 번지,127.1409516,35.94408103
다산툴(주),중소기업,총기부품/ 절단용 날,전라북도 완주군 봉동읍 둔산리 931-9번지,127.1187674,35.95585361
다움상사,중소기업,나무젓가락 포장지 인쇄,전라북도 완주군 용진읍 운곡리 304,127.1765287,35.91579894
다정한그녀,중소기업,생강차/ 대추차,전라북도 완주군 용진읍 운곡리 686-2,127.1713827,35.90876776
달새앙,중소기업,생강즙/ 생강칩,전라북도 완주군 이서면 이문리 711-0 전북대학교창업보육3센터,127.0143447,35.82182536
대승,중소기업,엔진카바/티엠카바/밧데리카바/푸드스탭,전라북도 완주군 봉동읍 구암리 806-3번지,127.1081102,35.95134567
대승엔지니어링 완주지점,중소기업,모듈식 임시교사,전라북도 완주군 구이면 계곡리 487-2,127.112824,35.66860929
대원산업,중소기업,통상여과기/ 환경기계,전라북도 완주군 삼례읍 삼례리 747-9번지,127.0771521,35.90061309
대주코레스(주),중소기업,자동차용 샤시프레임,전라북도 완주군 봉동읍 용암리 825-6번지 완주산업단지,127.1282498,35.94207145
대진정밀,중소기업,기타 산업용 자동화 기계/ 굴삭기 조립라인/ 컨베이어/ 로봇용접 지그,전라북도 완주군 봉동읍 둔산리 926-25,127.1286596,35.9578228
대한산업개발,중소기업,금속조립구조재/ 금속가공제품,전라북도 완주군 소양면 해월리 377-16번지,127.2510238,35.86780683
대한폴딩,중소기업,폴딩도어/중문,전라북도 완주군 삼례읍 삼례리 747-2번지,127.0772705,35.9000719
대호금속,중소기업,수소탱크프레임/ 굴삭기/ 선박/ 트랙터/ 중장비,전라북도 완주군 봉동읍 장구리 580-9,127.1201251,35.96837335
대호유통,중소기업,원두커피,전라북도 완주군 이서면 이문리 711-0 전북대학교창업보육3센터,127.0143447,35.82182536
대호홀딩스(주),중소기업,원두커피,전라북도 완주군 이서면 이문리 711번지 전북대학교창업보육3센터 3센터 108호,127.0143447,35.82182536
대화,중소기업,자동차 금형 및 제품 생산,전라북도 완주군 봉동읍 둔산리 857-5번지,127.1235645,35.96619138
더몽(주),중소기업,생지/ 쿠키류/ 초코파이 등,전라북도 완주군 소양면 대흥리 693-3,127.2454763,35.88187915
더밝음,중소기업,볼라드/ 경관조명기구,전라북도 완주군 용진읍 구억리 218-0,127.173382,35.85876832
더원,중소기업,수소 탱크라이너,전라북도 완주군 봉동읍 장구리 578-9,127.1188699,35.97201884
도로이엔지,중소기업,도로용 금속구조품,전라북도 완주군 용진읍 용흥리 155번지,127.164528,35.89035224
도예서원(유),중소기업,다기세트/도자기/전기애자,전라북도 완주군 이서면 이문리 402번지,127.010267,35.82854187
돈축산,중소기업,특수부위,전라북도 완주군 이서면 금평리 670번지,127.0499974,35.82467777
동성기계중기,중소기업,중기부품(굴삭기버켓 등),전라북도 완주군 용진읍 구억리 188번지,127.1724974,35.86167523
동양실크(주),중소기업,실크원단,전라북도 완주군 상관면 죽림리 776-5번지,127.2198395,35.7466227
동일테크,중소기업,바닥신호등/ 리프트,전라북도 완주군 용진읍 신지리 806-0,127.1714291,35.92432471
동해금속(주),중소기업,자동차 부품,전라북도 완주군 봉동읍 용암리 802-10번지,127.1288269,35.94407231
동해금속(주),중소기업,버스 프레임,전라북도 완주군 봉동읍 장구리 583-1,127.1137027,35.96996569
등대수산,중소기업,생선살/ 생어육 등,전라북도 완주군 이서면 반교리 650-19,127.0368118,35.82474688
로드스토리,중소기업,융착식 디자인 보드,전라북도 완주군 구이면 원기리 668-1 8동,127.1208731,35.72530254
로드스토리,중소기업,바닥식 융착제,전라북도 완주군 삼례읍 수계리 1406,127.1163724,35.93700451
마이크로텍(주),중소기업,자동차부품 및 금형/ 반도체부품 외,전라북도 완주군 봉동읍 둔산리 863-10번지,127.1164938,35.96325798
맑은물(주),중소기업,생수,전라북도 완주군 소양면 신원리 636-1번지,127.2938174,35.83725982
메디센유한회사,중소기업,메디센 페이스 쉴드,전라북도 완주군 봉동읍 구암리 834-0,127.1058889,35.95134351
메디컬건강면원협동조합,중소기업,국수(건면/ 생면),전라북도 완주군 고산면 오산리 803,127.2316335,35.97156125
메디테크코리아,중소기업,전동칫솔,전라북도 완주군 이서면 용서리 63-25번지,127.0179994,35.82626267
메딕스제약(주),중소기업,의약품,전라북도 완주군 이서면 은교리 616-3번지,127.0107669,35.82054711
명성자동도어,중소기업,금속문,전라북도 완주군 이서면 상개리 54-20번지,127.0449236,35.82271016
명진화학,중소기업,비닐봉투,전라북도 완주군 소양면 황운리 126번지,127.2471145,35.86569961
목근엔지니어링,중소기업,자동차부품,전라북도 완주군 봉동읍 용암리 802-12번지,127.1295589,35.94406954
물드림,중소기업,작두콩차/ 단호박 차 등,전라북도 완주군 소양면 해월리 848번지,127.2599247,35.85962554
미강산업개발,중소기업,알루미늄 창호,전라북도 완주군 봉동읍 낙평리 1223-1,127.1633479,35.92676582
미래산업,중소기업,컨베이어장치/ 육상금속골조 구조재,전라북도 완주군 삼례읍 구와리 690-1,127.1052865,35.91884079
미래엔지니어링,중소기업,배전반,전라북도 완주군 이서면 상개리 54-22번지,127.0451226,35.82230479
미래정공유한회사,중소기업,비필라 외,전라북도 완주군 봉동읍 둔산리 948-6번지,127.1233062,35.9503548
미우실업(주),중소기업,PP FOAM/ SOLID SHEET,전라북도 완주군 봉동읍 둔산리 870-6번지,127.1175036,35.96101156
바다식품,중소기업,조미구이김,전라북도 완주군 상관면 신리 339-19번지,127.2185095,35.77400555
바른길태양제과,중소기업,누룽지,전라북도 완주군 용진읍 운곡리 116-1번지,127.1845383,35.906219
반석오토 주식회사 완주지점,중소기업,자동차 부품(핸들),전라북도 완주군 봉동읍 둔산리 870-8번지 반석오토,127.1202271,35.95940917
반석이엔지(주)완주지점,중소기업,자동차부품(핸들),전라북도 완주군 봉동읍 둔산리 870-5,127.1193693,35.95953926
밝은세상 주식회사,중소기업,차량용 조명 및 전기장치 제조 등,전라북도 완주군 봉동읍 둔산리 931-6번지,127.1194182,35.95826044
백두차체특장,중소기업,셀프로더/ 정재함/ 자동사다리,전라북도 완주군 봉동읍 용암리 789,127.1406318,35.94758669
번영테크,중소기업,자동차타이어금형,전라북도 완주군 삼례읍 수계리 1405,127.1160473,35.93748717
번창테크,중소기업,자동차 부품,전라북도 완주군 봉동읍 용암리 790-1번지,127.1405866,35.9470835
봉동들녘 농업회사법인 주식회사,중소기업,편강/ 생강진액/ 생강즙/ 생강칩,전라북도 완주군 용진읍 상운리 330-1,127.151318,35.8900174
봉동식품,중소기업,엿기름/ 참기름/ 들기름,전라북도 완주군 봉동읍 제내리 58-2번지,127.1231047,35.98875638
봉동영농조합,중소기업,부산물 비료(퇴비),전라북도 완주군 봉동읍 제내리 432-1번지,127.1226358,35.98761752
부부식품,중소기업,맛 김,전라북도 완주군 이서면 이성리 406-11번지,127.0448557,35.79530838
뷰럭스퍼니처,중소기업,의자,전라북도 완주군 용진읍 구억리 189-2,127.1731863,35.86164991
사단법인 체육장애인자활협회,중소기업,인쇄,전라북도 완주군 이서면 은교리 623번지,127.0094468,35.82055308
산들농원,중소기업,장류,전라북도 완주군 용진읍 운곡리 801-18번지,127.1716452,35.90244973
삼남앙금,중소기업,팥앙금,전라북도 완주군 이서면 은교리 751-10번지,127.0036299,35.81846626
삼례중앙제재소,중소기업,각재/ 판재,전라북도 완주군 삼례읍 삼례리 1012-11번지 ,127.0750814,35.91297068
삼진산업(주),중소기업,도어/루프,전라북도 완주군 봉동읍 장구리 584-1번지,127.113705,35.965778
삼호정밀,중소기업,자동차부품/ 기어류/ 밸브류 등,전라북도 완주군 봉동읍 둔산리 948-22번지,127.1235147,35.95328154
서부레미콘(주),중소기업,레미콘,전라북도 완주군 이서면 이문리 733번지,127.0093468,35.82152068
서울농산,중소기업,김치/ 백단무,전라북도 완주군 봉동읍 구미리 354번지,127.1524125,35.93678517
서전철강산업,중소기업,피난사다리/ 구조용 금속제품,전라북도 완주군 봉동읍 장구리 580-3,127.1235507,35.9708891
서주푸드(주),중소기업,면류,전라북도 완주군 이서면 이문리 496-2번지,126.9989463,35.82232614
서해테크(주),중소기업,금형/ 기계제작/ 사출제품,전라북도 완주군 봉동읍 둔산리 948-11번지,127.1225834,35.95473584
선진공업(주),중소기업,학생용 책걸상/ 철재 목가구,전라북도 완주군 상관면 신리 91-2번지,127.2175116,35.7515064
선호정공,중소기업,자동차부품/ 금형 및 프레스,전라북도 완주군 봉동읍 장구리 674,127.1089733,35.96466188
성우이엔지,중소기업,자동차 부품/ 태양광 부품,전라북도 완주군 봉동읍 장구리 584-5,127.1159638,35.96594302
성진테크,중소기업,차체부품,전라북도 완주군 봉동읍 둔산리 852-3번지,127.1216869,35.96843062
성훈산업,중소기업,자동차부품 도장,전라북도 완주군 봉동읍 용암리 767-4번지,127.1399589,35.95082627
세전테크(주),중소기업,총기부품,전라북도 완주군 봉동읍 장구리 587-6,127.1120453,35.96483813
세전테크(주),중소기업,총기 부품 및 자동차 부품,전라북도 완주군 삼례읍 수계리 1366,127.117818,35.93560852
세화정공주식회사,중소기업,금형,전라북도 완주군 봉동읍 구암리 164-10번지,127.1164787,35.95088506
셀라인,중소기업,마스크팩,전라북도 완주군 봉동읍 둔산리 852-7번지,127.1224509,35.96859568
셀젠,중소기업,과채가공품/기타가공품,전라북도 완주군 이서면 이문리 711-0 전북대학교창업보육3센터,127.0143447,35.82182536
소야 영농조합법인,중소기업,한우 양념육,전라북도 완주군 구이면 원기리 705번지,127.1113049,35.7301061
솔라테크,중소기업,철제보빈 및 구조용 금속제품,전라북도 완주군 봉동읍 구암리 823,127.1038609,35.95384135
송화양조사,중소기업,민속주,전라북도 완주군 구이면 계곡리 64-1번지,127.1212369,35.6980245
슈퍼바이오,중소기업,웰빙환제품,전라북도 완주군 구이면 백여리 874-9번지,127.0990782,35.6418013
스쿨디자인(유),중소기업,사무용가구/파티션/학교가구/책걸상등,전라북도 완주군 상관면 죽림리 307-8번지,127.2210542,35.74453295
신우산업주식회사,중소기업,수도미터/ 밸브류,전라북도 완주군 봉동읍 장구리 578-3 신우산업(주),127.1217691,35.97341438
신평산업(주),중소기업,칵핏모듈,전라북도 완주군 봉동읍 장구리 583-6 신평산업,127.117625,35.96837745
신화케미칼(주),중소기업,스치로폼,전라북도 완주군 비봉면 소농리 709-5번지,127.1462329,35.99898764
씨제이원,중소기업,버스/트럭 차체부품,전라북도 완주군 봉동읍 용암리 850-2번지,127.1325413,35.93717656
씨피에스(주),중소기업,전도성 페이스트,"전라북도 완주군 봉동읍 둔산리 864-1번지 (재)전북테크노파크 전북과학기술진흥센터 연구동 112호, 115호",127.1202844,35.96517848
아데카코리아(주)전주제2공장,중소기업,플라스틱 산화방지제 외,전라북도 완주군 봉동읍 둔산리 942번지,127.119877,35.95467278
아이디온,중소기업,BASE ASSEMBLY,전라북도 완주군 봉동읍 둔산리 924-4번지 은신BS&T 아이디온,127.1325283,35.95568031
아트부엌가구,중소기업,씽크대,전라북도 완주군 용진읍 상삼리 685-7번지,127.1742877,35.86141813
알앤더스(주),중소기업,BUS FLOOR/ SIDE,전라북도 완주군 봉동읍 용암리 764-1번지,127.1404285,35.95384623
알에스그린,중소기업,식재 게비온 판넬,전라북도 완주군 봉동읍 은하리 897번지,127.1531473,35.96185846
알에스티,중소기업,엘이디 조명 등,전라북도 완주군 봉동읍 둔산리 864-1번지 전북과학연구소 창조관 341~344,127.1202844,35.96517848
알에스티,중소기업,의료용센서/ LED/ 철재가공품,전라북도 완주군 삼례읍 수계리 1358,127.1195933,35.93734219
알피엠 모터스,중소기업,캠핑카,전라북도 완주군 소양면 화심리 575-1,127.2662263,35.84663677
애뜰농원,중소기업,장류/ 기름,전라북도 완주군 봉동읍 구암리 580-8번지,127.1053377,35.94364505
어깨동무복지재단(행복한집),중소기업,김치류,전라북도 완주군 비봉면 내월리 836-9 번지,127.1232361,36.02919488
어의당주식회사,중소기업,매실액기스,전라북도 완주군 상관면 용암리 344 번지,127.2355288,35.71726013
에너에버배터리솔루션(주),중소기업,2차전지 분리막 필름,전라북도 완주군 봉동읍 장구리 648,127.106334,35.97006582
에스에이치테크,중소기업,금형 및 치공구,전라북도 완주군 봉동읍 둔산리 931-7번지,127.1187624,35.95741906
에스엔에이테크,중소기업,특장차 부품,전라북도 완주군 봉동읍 장구리 584-5,127.1159638,35.96594302
에어공조 주식회사,중소기업,공기순환기,전라북도 완주군 용진읍 신지리 1197-7,127.1721392,35.91903493
에이드토낭,중소기업,플라스틱 포대,전라북도 완주군 소양면 해월리 518-1번지 3동,127.2545084,35.85792016
에이치디씨아이콘트롤스(주),중소기업,철도용 승강장 스크린 도어,전라북도 완주군 봉동읍 둔산리 948-2번지 (조립동),127.1235962,35.95491892
엔앤씨광고인쇄,중소기업,간판 및 광고물/ LED광고판/ 현수막 등,전라북도 완주군 봉동읍 성덕리 479-2번지,127.1487142,35.93278577
엘에스엠트론 주식회사,중소기업,농업용기계,전라북도 완주군 봉동읍 용암리 836,127.1409473,35.94299711
엘에이치이,중소기업,가공소금,전라북도 완주군 이서면 이문리 711 전북대학교창업보육3센터 1동 102호,127.0143447,35.82182536
엠테크정밀(주),중소기업,사출기부품,전라북도 완주군 봉동읍 둔산리 868-8번지,127.1155994,35.95996725
엠프코(주),중소기업,자동차부품,전라북도 완주군 봉동읍 둔산리 951-2번지,127.1258914,35.95010292
영농조합법인 농부의꿈,중소기업,당조고추 액상차/ 덕음차,전라북도 완주군 구이면 백여리 496번지,127.1018034,35.64194296
영농조합법인 농심,중소기업,비료 및 식생기반재,전라북도 완주군 비봉면 백도리 353번지,127.1741822,35.99277082
영농조합법인 동상면사람들,중소기업,감식초/ 감잎차,전라북도 완주군 동상면 수만리 403-3번지,127.2740722,35.92352423
영농조합법인 완주봉상생강조합,중소기업,생강편강,전라북도 완주군 고산면 양야리 772-5번지,127.1986507,35.95328146
영동기업,중소기업,자동차 차체 및 부품,전라북도 완주군 봉동읍 둔산리 926-11번지,127.1292964,35.95832429
영진약품(주),중소기업,항생제(원료의약품),전라북도 완주군 봉동읍 용암리 817번지,127.1187865,35.9459659
오제이씨(주)전주공장,중소기업,공관(CAN),전라북도 완주군 봉동읍 용암리 794번지,127.1411836,35.9460844
온고을 팜협동조합,중소기업,콩담고 등,전라북도 완주군 이서면 이문리 711번지 전북대학교창업보육3센터 제1동 210호,127.0143447,35.82182536
온고을퍼니처,중소기업,주방가구(씽크대)/ 일반가구(붙박이가구/ 신발장/ 수납장/ 장식장 등),전라북도 완주군 용진읍 용흥리 401-15,127.173911,35.89146224
온도테크,중소기업,3D프린터/ 그외 기타 플라스틱 제품,전라북도 완주군 삼례읍 후정리 490번지 우석대학교 705호(우석대학교 대학본부),127.0658403,35.91216345
온신정식품,중소기업,온신정 포기김치,전라북도 완주군 이서면은교리 은교리381-5,127.0223965,35.81377136
온정원,중소기업,구운 김,전라북도 완주군 용진읍 간중리 263번지 (간중리 263),127.1926905,35.8953934
와이엠이엔지,중소기업,에어컨케이스,전라북도 완주군 비봉면 내월리 802-3번지,127.1323951,36.02663257
완주금속시설물협동조합,중소기업,조명(경관)/ 등기구/ 광고물,전라북도 완주군 삼례읍 수계리 1401,127.1156024,35.93898718
완주로컬푸드과실생산자협동조합,중소기업,잼/젤라또.주스,전라북도 완주군 봉동읍 율소리 618번지,127.1731429,35.95569862
완주영농조합법인,중소기업,쌀,전라북도 완주군 용진읍 용흥리 751-6 번지,127.1608717,35.88905624
용안이엔지,중소기업,금속문/ 창 등,전라북도 완주군 삼례읍 하리 492번지,127.0959463,35.90221034
우리별광학,중소기업,천체망원경/ 적도의 관련 제품,전라북도 완주군 동상면 신월리 857-1번지,127.3490504,35.92924522
우석대학교산학협력단,중소기업,임대 및 연구개발,전라북도 완주군 봉동읍 둔산리 864-9번지,127.1192336,35.96483859
원창엔지니어링,중소기업,금속탱크,전라북도 완주군 이서면 남계리 720-7번지,127.0174286,35.84747531
원테크,중소기업,압출금형,전라북도 완주군 봉동읍 구암리 120-7번지,127.1161233,35.94700574
유니레즈(주),중소기업,LED package/ 마스크,전라북도 완주군 봉동읍 용암리 825-2번지,127.1307764,35.94341509
유복전기(주),중소기업,수배전함,전라북도 완주군 봉동읍 은하리 261,127.1513283,35.95137647
유빈펄프,중소기업,화장지,전라북도 완주군 소양면 신교리 83-7번지,127.2023029,35.85489341
유진바이오,중소기업,보조사료/ 탈취제,전라북도 완주군 이서면 이문리 711-0 전북대학교창업보육3센터,127.0143447,35.82182536
유한회사 가나안셔터,중소기업,철재 방화셔터/ 스크린 방화셔터/ A/L 셔터,전라북도 완주군 용진읍 구억리 786-9,127.1593355,35.87461683
유한회사 거성,중소기업,금형/ 자동차부품/ 구조물,전라북도 완주군 봉동읍 장구리 582-12,127.1134007,35.97259561
유한회사 고려닥트,중소기업,사각/ 원형 닥트,전라북도 완주군 이서면 이성리 481-8번지,127.0473434,35.80326045
유한회사 만들기대장,중소기업,미술교구,전라북도 완주군 소양면 신교리 83-21,127.202885,35.85489576
유한회사 무공테크,중소기업,창호금속/ 농기계 쟁기,전라북도 완주군 삼례읍 수계리 1406-1,127.1166263,35.9368588
유한회사 보광산업,중소기업,캠피스 가공품,전라북도 완주군 봉동읍 장구리 581-1,127.1139208,35.97431954
유한회사 블루테크,중소기업,자동차 부품/ 태양광 부품,전라북도 완주군 봉동읍 둔산리 868-15,127.1155329,35.95877318
유한회사 비츠,중소기업,영상감시장치/ 금속기둥 등,전라북도 완주군 용진읍 상삼리 587-2,127.1819564,35.8635677
유한회사 상관철망,중소기업,철망,전라북도 완주군 상관면 신리 527-1번지,127.2049548,35.77405392
유한회사 스쿨버스네트웍,중소기업,특장차제조,전라북도 완주군 봉동읍 용암리 326번지,127.1425299,35.94939198
유한회사 아인창호산업,중소기업,금속재 창호/ 금속재 문,전라북도 완주군 용진읍 구억리 854번지,127.1648561,35.86947368
유한회사 이지스건설,중소기업,드레인바/ 수문/ 스테인레스물탱크/ 오수/ 하수관,전라북도 완주군 소양면 해월리 377-1번지,127.251307,35.86805859
유한회사 이지이엔지,중소기업,이동식 주택,전라북도 완주군 삼례읍 하리 107-1,127.1071778,35.90702198
유한회사 인성기업,중소기업,자동차 부품,전라북도 완주군 봉동읍 둔산리 926-14번지,127.1278752,35.95697711
유한회사 제이제이글라스,중소기업,복층유리,전라북도 완주군 이서면 상개리 54-17번지,127.0459884,35.82240297
유한회사 제이케이,중소기업,3차원 프린터,전라북도 완주군 삼례읍 후정리 490,127.0658403,35.91216345
유한회사 케이에스목재,중소기업,건축용 나무제품,전라북도 완주군 소양면 신교리 109,127.1991511,35.85474032
유한회사 크로스셋,중소기업,목재조형물가공/ 놀이시설/ 전시형모형/ 금속가공제품/ 석재이외제품 및 석재제품,전라북도 완주군 상관면 죽림리 480-28,127.2255432,35.73318483
유한회사 풍경아트,중소기업,조경시설물/ 퍼걸러/ 옥외용벤치 등,전라북도 완주군 용진읍 구억리 518번지,127.1652761,35.86641281
유한회사 화진산업,중소기업,직물포대,전라북도 완주군 상관면 신리 659,127.2101394,35.76770204
유한회사 후광,중소기업,종이상자,전라북도 완주군 소양면 해월리 505-3번지,127.2537161,35.85994064
유한회사 후광,중소기업,옵셋인쇄물/ 골판지박스,전라북도 완주군 소양면 해월리 505-6번지,127.2531119,35.85998761
유한회사고려이엔지,중소기업,목재깔판,전라북도 완주군 이서면 은교리 325-1번지,127.0235955,35.81374472
윤도정공장,중소기업,쌀/ 현미,전라북도 완주군 삼례읍 해전리 1126-1번지,127.0559272,35.90463666
율천공업(주),중소기업,자동차부품,전라북도 완주군 봉동읍 장구리 583-5번지,127.1174938,35.96923817
이엠티(E.M.T),중소기업,가공치구제작 및 기계제작,전라북도 완주군 봉동읍 둔산리 948-6번지,127.1233062,35.9503548
이오산업,중소기업,박스/ 커버 및 농기계,전라북도 완주군 봉동읍 장구리 584-5,127.1159638,35.96594302
이화산업,중소기업,MDF판넬,전라북도 완주군 이서면 은교리 617-1번지,127.0118322,35.81892943
인문사,중소기업,인쇄물,전라북도 완주군 용진읍 상운리 238-1번지,127.1556633,35.88518061
인코테크,중소기업,자동차부품/ 농기계부품,전라북도 완주군 삼례읍 수계리 1360,127.1195923,35.93677558
인트리협동조합,중소기업,목재 가공품,전라북도 완주군 삼례읍 삼례리 195-16번지,127.08175,35.92115604
일산정공,중소기업,삭제기계/석제기계/산업용자동화설비기계,전라북도 완주군 용진읍 구억리 762-3번지,127.1585878,35.87795173
일진하이솔루스(주),중소기업,수소저장 시스템 제조 시험평가,전라북도 완주군 봉동읍 둔산리 926-12,127.1301378,35.95698035
일진하이솔루스(주),중소기업,cng/ 수소저장연료탱크,전라북도 완주군 봉동읍 장구리 650,127.107955,35.97024038
자연과사람,중소기업,사무용가구/ 주방가구/ 목재가구,전라북도 완주군 상관면 신리 75-1,127.2200109,35.75014869
장인기업,중소기업,상용트럭부품,전라북도 완주군 봉동읍 용암리 850-1 번지,127.1329124,35.93798672
재주시스템,중소기업,플라스틱 창호,전라북도 완주군 이서면 상개리 54-8번지,127.0462499,35.82313667
전북생강농업협동조합,중소기업,생강가루,전라북도 완주군 고산면 남봉리 496-1번지,127.1866099,35.96539342
전주김제완주축산업협동조합 완주자원순환센터,중소기업,사료,전라북도 완주군 화산면 운곡리 420-1번지,127.1890443,36.0576612
전주린넨,중소기업,매트리스 커버,전라북도 완주군 소양면 해월리 513-1,127.2546611,35.85898287
전주이강주 2공장,중소기업,과실주,전라북도 완주군 소양면 명덕리 806-61번지 ,127.2141826,35.88958531
정가,중소기업,금형/기계가공품,전라북도 완주군 봉동읍 용암리 802-5번지,127.1292634,35.94474579
정성유통,중소기업,부채살,전라북도 완주군 봉동읍 구암리 806-6번지,127.1083739,35.9515803
정우정공(주),중소기업,특장차/ 트레일러,전라북도 완주군 봉동읍 둔산리 926-5번지,127.1280027,35.95599705
정우정공주식회사,중소기업,특장차/ 트레일러,전라북도 완주군 봉동읍 장구리 583-12번지,127.1136911,35.96899165
정우특장차(주),중소기업,특장차,전라북도 완주군 봉동읍 둔산리 926-8번지,127.1289988,35.95599581
제너럴바이오(주),중소기업,건강기능 식품,전라북도 완주군 경천면 용복리 59번지,127.2632296,36.04549309
제이에스,중소기업,태양광 구조물,전라북도 완주군 봉동읍 용암리 802-4번지,127.1285458,35.94473754
제이테크,중소기업,자동차 부품,전라북도 완주군 봉동읍 둔산리 868-11번지,127.1156159,35.96124015
제일정보기술(주),중소기업,영상감지장치/CCTV/LED안내표지판/ 원격자동검침시스템,전라북도 완주군 용진읍 상운리 237-3번지,127.1550852,35.88587667
제일콘크리트공업(주),중소기업,레미콘,전라북도 완주군 이서면 이문리 485-4번지,127.0005512,35.82487716
젠 ZEN,중소기업,현관 중문 등,전라북도 완주군 삼례읍 하리 107-1번지,127.1071778,35.90702198
조형더존샷시,중소기업,금속문및 창호제품,전라북도 완주군 이서면 상개리 54-13번지,127.0456195,35.82313871
좋은테크,중소기업,수소전기차 조립지그,전라북도 완주군 봉동읍 장구리 587-1 5동,127.1119932,35.96782235
주식회사 경안테크,중소기업,납골안치단,전라북도 완주군 봉동읍 둔산리 852-7,127.1224509,35.96859568
주식회사 광성,중소기업,공산품마스크,전라북도 완주군 소양면 명덕리 1468-5,127.1981922,35.85996485
주식회사 나인텍,중소기업,캠핑카,전라북도 완주군 봉동읍 장구리 673-2,127.108974,35.96534817
주식회사 디에스,중소기업,자동차부품,전라북도 완주군 봉동읍 둔산리 948-25번지,127.1221654,35.95123495
주식회사 디자인밸리,중소기업,옥외광고물/ 조형물/ 가구/ 버스정류장/ 금속구조물,전라북도 완주군 소양면 화심리 394,127.2655925,35.82704461
주식회사 로빈이엔지,중소기업,타이로드/ 링크로드/ 새들,전라북도 완주군 봉동읍 용암리 802-13,127.1300118,35.94433933
주식회사 모멘트,중소기업,조명식 표지판/ 교통시설물,"전라북도 완주군 봉동읍 둔산리 864-9 (재)전북테크노파크 전북과학기술진흥센터 연구동 110,116호",127.1192336,35.96483859
주식회사 모빌플러스,중소기업,SMC천장재/ 월풀욕조,전라북도 완주군 봉동읍 둔산리 298-1,127.1284666,35.96813102
주식회사 모스,중소기업,천연이끼 패널/ 전시용 모형/ 광고형 조형물/ 목재 틀/ 가구 및 실내장식 소품,전라북도 완주군 용진읍 상운리 238-1,127.1556633,35.88518061
주식회사 몰드,중소기업,자돛차부품 및 금형,전라북도 완주군 봉동읍 장구리 668-1,127.1103128,35.96444778
주식회사 미디아,중소기업,스피커,전라북도 완주군 이서면 용서리 175-5 1동 102호,127.0176873,35.8270926
주식회사 미성,중소기업,자동차 부품/ 농기계 부품,전라북도 완주군 봉동읍 장구리 56-8번지 주식회사송레이저,127.1250771,35.97493687
주식회사 삼광에너지,중소기업,전동기 발전시설,전라북도 완주군 이서면 금평리 687-5,127.0533805,35.8211933
주식회사 삼영메탈,중소기업,자동차 부품/ 농기계 부품,전라북도 완주군 봉동읍 둔산리 852-3번지,127.1216869,35.96843062
주식회사 새눈,중소기업,NVR/ 전광판 등,전라북도 완주군 이서면 이문리 711번지 전북대학교창업보육3센터 2동 203호,127.0143447,35.82182536
주식회사 새눈,중소기업,NE-NVRS(서버)/ N-IL701(카메라)/ 차량인식기,전라북도 완주군 삼례읍 수계리 1390,127.1203089,35.93884475
주식회사 샤인라이트,중소기업,LED조명등/ LED수중등/ LED 경관조명등,전라북도 완주군 용진읍 상운리 323-1,127.1526795,35.89009282
주식회사 서원테크,중소기업,수동미션  플라이 휠,전라북도 완주군 삼례읍 수계리 1414,127.1164622,35.93837467
주식회사 성도애드기획,중소기업,간판,전라북도 완주군 소양면 해월리 83-5,127.2570366,35.87653255
주식회사 성심하우징,중소기업,컨테이너 하우스,전라북도 완주군 삼례읍 수계리 1363,127.118518,35.93678359
주식회사 세강산업,중소기업,냉장 및 냉동장비,전라북도 완주군 용진읍 신지리 292,127.1756406,35.93707157
주식회사 세신테크,중소기업,자동차부품외,전라북도 완주군 봉동읍 둔산리 924-27번지 주식회사 세신테크,127.1336915,35.95622544
주식회사 수한이엔지,중소기업,금속기둥/ 금속기둥표지판,전라북도 완주군 봉동읍 장구리 587-1 4동,127.1119932,35.96782235
주식회사 씨스원,중소기업,인터랙티브 화이트보드,전라북도 완주군 소양면 해월리 828,127.255524,35.85794802
주식회사 아이엠이앤씨,중소기업,금속 주조 및 압연기,전라북도 완주군 봉동읍 둔산리 931-11번지,127.1181114,35.95801948
주식회사 에스모터스,중소기업,스프린터 미니버스,전라북도 완주군 봉동읍 장구리 579-5번지,127.1232758,35.97330641
주식회사 에코하이텍,중소기업,수술용 마스크,전라북도 완주군 운주면 장선리 269-1,127.2803226,36.08393313
주식회사 엠컨트롤,중소기업,배전반 및 자동제어반,전라북도 완주군 삼례읍 신금리 271-1번지,127.0962698,35.92622595
주식회사 우수컨버팅,중소기업,베이비 위생용 물티슈,전라북도 완주군 봉동읍 장구리 576-1번지,127.1202708,35.97744181
주식회사 유성씨앤씨,중소기업,구내방송장치/ 영상감시장치,전라북도 완주군 삼례읍 후정리 263-4번지 삼례유진청하아파트 상가6호,127.0666207,35.90787155
주식회사 이그린,중소기업,방초매트(부직포),전라북도 완주군 용진읍 구억리 527번지,127.1649534,35.86601833
주식회사 이앤알랩,중소기업,화장품,전라북도 완주군 봉동읍 둔산리 863-7번지,127.1160671,35.96426878
주식회사 이화씨오알,중소기업,선반/ 의자/ 책상 등,전라북도 완주군 구이면 두현리 221-1 2호,127.118514,35.7487168
주식회사 진민푸드,중소기업,소고기/ 돼지고기  포장육,전라북도 완주군 용진읍 구억리 107-2번지,127.1731996,35.8758712
주식회사 코아,중소기업,분말스프,전라북도 완주군 이서면 이문리 711-0 전북대학교창업보육3센터,127.0143447,35.82182536
주식회사 크리스탈엔씨,중소기업,재생섬유소 및 그 유도체,전라북도 완주군 봉동읍 용암리 821번지 한국씨엔씨,127.1221587,35.94265946
주식회사 타라모빌,중소기업,캠핑카,전라북도 완주군 봉동읍 구암리 806,127.1088486,35.95174434
주식회사 태왕,중소기업,저장탱크,전라북도 완주군 비봉면 봉산리 603-2번지,127.1570964,35.97859843
주식회사 푸드몬스터,중소기업,도시락/ 샐러드,전라북도 완주군 용진읍 구억리 107-2,127.1731996,35.8758712
주식회사 프리모바이오텍,중소기업,법제유황/ 공진면역단,"전라북도 완주군 봉동읍 둔산리 864-9 전북테크노파크 전북과학기술진흥센터 207호, 208호",127.1192336,35.96483859
주식회사 하치노다카라코리아,중소기업,프로폴리스,전라북도 완주군 봉동읍 둔산리 863-3번지,127.116388,35.96194597
주식회사 한독엘리베이터,중소기업,엘리베이터(승강기),전라북도 완주군 삼례읍 신금리 389-120번지,127.0905163,35.92294566
주식회사 현대에버다임,중소기업,함마/ 비트,전라북도 완주군 봉동읍 용암리 764-2번지,127.140197,35.95306458
주식회사 홍석,중소기업,cctv폴/ 함체,전라북도 완주군 봉동읍 장구리 584-5,127.1159638,35.96594302
주식회사 휴닛,중소기업,떡갈비,전라북도 완주군 구이면 계곡리 144-0,127.1158387,35.69104013
주식회사딕누리,중소기업,난간(계단손잡이 및 울타리),전라북도 완주군 삼례읍 석전리 34-27번지,127.1126229,35.9350687
주원산업,중소기업,상용차 가드/ 게이트 제작,전라북도 완주군 봉동읍 둔산리 926-19번지,127.1279343,35.95785575
주현테크(주),중소기업,자동차 부품,전라북도 완주군 봉동읍 장구리 578-9 주현테크 주식회사,127.1188699,35.97201884
중앙 B&A,중소기업,무늬합판,전라북도 완주군 삼례읍 삼례리 962-28번지,127.0723015,35.91513385
지구이엠비,중소기업,건조시/ 탈수기/ 식품기계 등,전라북도 완주군 봉동읍 용암리 767-9,127.1410452,35.95082842
지앤앱(주),중소기업,혼합곡물,전라북도 완주군 이서면 이문리 711번지,127.0143447,35.82182536
지엠테크,중소기업,INJECTION BED 등,전라북도 완주군 봉동읍 둔산리 868-10번지,127.1155984,35.96081388
지엠테크주식회사,중소기업,슬라이드 가이드 ,전라북도 완주군 봉동읍 둔산리 868-10번지,127.1155984,35.96081388
지티에이치알한국 유한회사,중소기업,리튬이온전지전해액,전라북도 완주군 봉동읍 둔산리 863-10,127.1164938,35.96325798
진성오피스,중소기업,목재도구및 가구제품,전라북도 완주군 이서면 상개리 223번지,127.0415717,35.81204169
참살이모악골 영농조합법인,중소기업,한방차(도라지/생강 등),전라북도 완주군 구이면 계곡리 181-9번지,127.1160976,35.68698042
천양피앤비(주),중소기업,한지,전라북도 완주군 소양면 해월리 289-8번지,127.2544602,35.87288094
청세 완주공장,중소기업,금속구조물/ 가로등주,전라북도 완주군 소양면 해월리 784-0,127.2569595,35.85520362
케이메탈(주),중소기업,사출기 부품,전라북도 완주군 봉동읍 둔산리 868-8번지,127.1155994,35.95996725
케이앤에이치솔라(주),중소기업,전기,전라북도 완주군 봉동읍 용암리 826번지,127.1321974,35.94288198
케이에프에스,중소기업,방화패드,전라북도 완주군 봉동읍 둔산리 779번지,127.1130994,35.96054102
케이인더스,중소기업,농업용 절단 블레이드/ 전투차량 감속기 케이스/ 락드릴 공구 등 18종,전라북도 완주군 봉동읍 둔산리 948-22,127.1235147,35.95328154
켐-필드,중소기업,렌즈모노머,전라북도 완주군 이서면 이문리 711번지,127.0143447,35.82182536
코비코테크(주),중소기업,상용차C/MEMBER/ AIR TANK/ CAB BRIDGE,전라북도 완주군 봉동읍 장구리 583-9번지,127.1159935,35.96757089
태극푸드,중소기업,한과,전라북도 완주군 구이면 평촌리 962-1번지,127.1530804,35.75217741
태농유직,중소기업,실고무줄띠,전라북도 완주군 이서면 은교리 386번지,127.0208196,35.81526116
태산,중소기업,함마,전라북도 완주군 봉동읍 용암리 764-2번지,127.140197,35.95306458
태양산업(주),중소기업,아스콘,전라북도 완주군 비봉면 봉산리 626번지,127.1554797,35.97956973
태영알미늄,중소기업,알루미늄 커튼월 시스템창호/ 세이프도어,전라북도 완주군 삼례읍 삼례리 762-3,127.0748229,35.90085168
테크원,중소기업,금형,전라북도 완주군 봉동읍 구암리 807-2번지,127.1088145,35.95022975
토탈키친,중소기업,업소용 씽크대/ 조리대,전라북도 완주군 삼례읍 삼례리 804-4번지,127.0762182,35.90172474
티오켐(주),중소기업,파인세라믹/ 고분자세라믹/ 페인트/ 부식방지제,전라북도 완주군 봉동읍 둔산리 868-5번지,127.1170107,35.9591727
평화기업,중소기업,교구/ 가구/ 사무용품,전라북도 완주군 구이면 항가리 851번지,127.1206737,35.70731733
푸른시스템창호,중소기업,PVC창호,전라북도 완주군 상관면 죽림리 216-1번지,127.2191903,35.74729218
핀아이원,중소기업,자동차 부품,전라북도 완주군 봉동읍 둔산리 863-15,127.1164899,35.96301294
하나산업개발,중소기업,컨테이너,전라북도 완주군 용진읍 운곡리 745-1번지,127.1714158,35.90346622
한국그린에너지(주),중소기업,금속 골조 구조재/ 리튬 이온 배터리,전라북도 완주군 봉동읍 장구리 584-2번지,127.113687,35.96476764
한국다보,중소기업,가정용도자기,전라북도 완주군 이서면 이성리 305번지,127.047306,35.79970705
한국엔지니어링,중소기업,공정자동화기기,전라북도 완주군 봉동읍 장구리 587-7번지,127.1121662,35.96435017
한국전통식품,중소기업,떡류,전라북도 완주군 이서면 이문리 711번지 전북대학교 창업보육센터 1동 211,127.0143447,35.82182536
한국차체(주)1공장,중소기업,적재함,전라북도 완주군 봉동읍 용암리 789-0번지 ,127.1406318,35.94758669
한국차체(주)2공장,중소기업,내장탑/ 냉동탑/ 특장차,전라북도 완주군 봉동읍 용암리 767-2,127.1402608,35.94999651
한국프라임제약(주),중소기업,완제 의약품,전라북도 완주군 봉동읍 둔산리 870-1번지,127.1175166,35.96145631
한국프라임제약(주) 3공장,중소기업,일반/ 기능성 화장품/ 태양광발전/ 식품,전라북도 완주군 봉동읍 둔산리 863-5번지,127.116883,35.96477863
한림기술 주식회사,중소기업,특장차(소방차)/ 도로관리장비,전라북도 완주군 봉동읍 둔산리 926-11 C동,127.1292964,35.95832429
한빛산업,중소기업,싱크대,전라북도 완주군 소양면 황운리 781번지,127.2321628,35.85412311
한솔FRP산업,중소기업,FRP물탱크,전라북도 완주군 소양면 화심리 463-1번지,127.2709425,35.83756745
한신차량(주),중소기업,산업용트럭 및 적하기,전라북도 완주군 이서면 은교리 652-63번지,127.0098306,35.81851854
한신페이퍼,중소기업,키친타올/화장지,전라북도 완주군 소양면 황운리 112-6번지,127.2476754,35.86735586
한울식품,중소기업,누룽지,전라북도 완주군 이서면 이문리 711번지,127.0143447,35.82182536
한일특장 주식회사,중소기업,,전라북도 완주군 봉동읍 장구리 668-2,127.1104018,35.96386766
한조산업(주),중소기업,자동차부품,전라북도 완주군 봉동읍 둔산리 868-6번지,127.1162877,35.95921306
협동조합 하루방아,중소기업,가래떡/ 떡국떡/ 떡볶이떡,전라북도 완주군 삼례읍 삼례리 962-66,127.0738421,35.91551946
협성엔지니어링,중소기업,버스프레임부품(찬넬류),전라북도 완주군 봉동읍 용암리 802-2번지,127.1293144,35.94510641
협성엔지니어링제2공장,중소기업,버스프레임관련부품,전라북도 완주군 봉동읍 용암리 802-9번지,127.1294596,35.94443005
형제레이저(주),중소기업,자동차부품,전라북도 완주군 봉동읍 둔산리 868-15번지,127.1155329,35.95877318
혜승테크,중소기업,자동차부품 연료탱크/엑셀샤후드,전라북도 완주군 봉동읍 둔산리 948-22번지,127.1235147,35.95328154
호호영농조합,중소기업,치즈,전라북도 완주군 화산면 화평리 82-1번지,127.2119807,36.04182374
화성금속(주),중소기업,자동차샤시(차체)부품,전라북도 완주군 봉동읍 용암리 850-3번지,127.1323977,35.93686308
화천산업,중소기업,건축용 창호,전라북도 완주군 이서면 상개리 54-21번지,127.0450583,35.82249452
흙영농조합법인,중소기업,부산물퇴비/ 톱밥,전라북도 완주군 고산면 서봉리 34-1번지,127.2060342,35.98159065
미원상사(주) 전주2공장,중소기업,화장품등의 원료/ 반도체/ LCD원료/ 도료/ 잉크원료,전라북도 완주군 봉동읍 둔산리 942-1번지,127.1205193,35.95321627
현대무벡스 주식회사,중소기업,승강장 스크린도어,전라북도 완주군 봉동읍 둔산리 948-2,127.1235962,35.95491892
(유)비알엠,중소기업,버스 차체부품/ 에어탱크/ 프레스금형,전라북도 완주군 봉동읍 둔산리 948-16번지,127.1241162,35.95245665
(주)골드밴,중소기업,냉동/ 냉장 탑차,전라북도 완주군 봉동읍 장구리 580-5,127.1210193,35.969989
(주)기광,중소기업,자동차 부품,전라북도 완주군 봉동읍 용암리 766번지,127.1399131,35.95205183
(주)기전금형 전북지점,중소기업,자동차용 프레스 금형,전라북도 완주군 봉동읍 장구리 580-6번지,127.1197623,35.96864823
(주)대광기업,중소기업,타이어금형/ 산업기계,전라북도 완주군 봉동읍 용암리 764번지 (완주산업단지),127.1404024,35.95462159
(주)대유에이피,중소기업,자동차부품(스티어링휠),전라북도 완주군 봉동읍 둔산리 870-5번지,127.1193693,35.95953926
(주)대유홀딩스 전주지점,중소기업,자동차용 알루미늄 휠 가공,전라북도 완주군 봉동읍 둔산리 926-12번지,127.1301378,35.95698035
(주)대진정공,중소기업,소방차,전라북도 완주군 봉동읍 둔산리 863-6번지,127.1150538,35.96283579
(주)동양정공,중소기업,방산품/ 금속문 창/ 셔터 등,전라북도 완주군 봉동읍 둔산리 870-10번지,127.1182188,35.95957915
(주)문화기업,중소기업,휠가공,전라북도 완주군 봉동읍 둔산리 931-3번지,127.1207666,35.95783803
(주)삼진정공,중소기업,너트,전라북도 완주군 봉동읍 둔산리 926-4번지,127.126618,35.95647735
(주)서영,중소기업,스틸파렛트/ 자동차부품 포장 및 물류,전라북도 완주군 봉동읍 장구리 583-8번지,127.1173838,35.96722932
(주)솔라파크코리아,중소기업,태양전지 모듈,전라북도 완주군 봉동읍 둔산리 855-5,127.1261348,35.9692038
(주)수인테크,중소기업,특장차 부품,전라북도 완주군 봉동읍 장구리 579-4,127.1229524,35.97377277
(주)시지트로닉스,중소기업,반도체 트랜지스터,전라북도 완주군 봉동읍 장구리 586-2번지,127.1121182,35.96936516
(주)신화,중소기업,포장육,전라북도 완주군 봉동읍 구암리 807-5번지,127.1068493,35.95055037
(주)아시아,중소기업,금속재울타리,전라북도 완주군 봉동읍 장구리 583-10번지,127.1140015,35.96716094
(주)아이씨엠씨,중소기업,자동차부품(bus body),전라북도 완주군 봉동읍 용암리 824번지,127.1266246,35.94200747
(주)아이씨엠씨 3공장,중소기업,자동차 부품,전라북도 완주군 봉동읍 장구리 578-7번지,127.120279,35.97127428
(주)아이씨엠씨 전주공장,중소기업,자동차부품,전라북도 완주군 봉동읍 용암리 825-4번지,127.1304912,35.9422436
(주)알에프세미,중소기업,마이크용 반도체 칩,전라북도 완주군 봉동읍 둔산리 948-7번지,127.1238639,35.95030718
(주)알에프세미,중소기업,일반조명장치,전라북도 완주군 봉동읍 둔산리 868-4 제2공장,127.1166779,35.95981832
(주)알트론전주,중소기업,자동차 휠,전라북도 완주군 봉동읍 둔산리 931-3번지,127.1207666,35.95783803
(주)엘앤티,중소기업,물류서비스,전라북도 완주군 봉동읍 장구리 582-4번지,127.1171221,35.97315756
(주)엠스코 전주공장,중소기업,커넥터 등,전라북도 완주군 봉동읍 둔산리 926-18번지,127.1275364,35.95897948
(주)오디텍,중소기업,photo 다이오드칩/광센서모듈/소자/유니트/ 조명장치,전라북도 완주군 봉동읍 용암리 809-1번지,127.1259704,35.9443668
(주)오디텍,중소기업,LED모듈/ 센서모듈개발,전라북도 완주군 봉동읍 둔산리 864-11번지,127.1210014,35.96594606
(주)울트라,중소기업,BUS ROOF,전라북도 완주군 봉동읍 용암리 792번지 (완주산업단지),127.1401599,35.94647331
(주)원진알미늄,중소기업,알루미늄압연/ 커튼월/ 난간/펜스,전라북도 완주군 봉동읍 용암리 774-1번지 (완주산업단지),127.1180552,35.94785778
(주)원효정공,중소기업,현가장치,전라북도 완주군 봉동읍 둔산리 870-7번지,127.1185127,35.96051705
(주)정석케미칼,중소기업,공업용 건축용 도료,전라북도 완주군 봉동읍 용암리 835번지 (완주산업단지),127.139021,35.94294033
(주)제이앤디,중소기업,전착 및 액상/ 분체도장,전라북도 완주군 봉동읍 용암리 850번지,127.1332798,35.93878869
(주)팔마,중소기업,수로관(흄관),전라북도 완주군 봉동읍 장구리 43-1번지,127.1287181,35.97300139
(주)폴라리스우노,중소기업,가발용원사,전라북도 완주군 봉동읍 용암리 774-2번지,127.1184386,35.94715155
(주)폴라리스우노 연구소,중소기업,연구소/ 연구개발품 시험생산 (합성섬유 제조),전라북도 완주군 봉동읍 둔산리 852-4번지,127.1212514,35.96779173
(주)하이엘,중소기업,써미스터/바리스터,전라북도 완주군 봉동읍 장구리 579-2번지,127.1223802,35.97460304
(주)한솔케미칼,중소기업,과산화수소/라텍스/요소수지/승화형필름/PAM,전라북도 완주군 봉동읍 용암리 776번지,127.1236652,35.94815189
(주)한호 제2공장,중소기업,버스내장재(천정/벽면),전라북도 완주군 봉동읍 용암리 802-18번지,127.130328,35.9463465
광주윈테크(주),중소기업,자동차 부품,전라북도 완주군 봉동읍 둔산리 870-5번지,127.1193693,35.95953926
다산기공(주),중소기업,자동차부품/ 총기부품,전라북도 완주군 봉동읍 장구리 582-8번지,127.1154026,35.9714412
다산기공(주) 제1공장,중소기업,자동차부품류/ 산업기계부품/총기부품등,전라북도 완주군 봉동읍 둔산리 931-9번지,127.1187674,35.95585361
대륜산업(주),중소기업,환풍기/ 송풍기,전라북도 완주군 봉동읍 둔산리 926-3번지,127.1305312,35.95600082
대림씨앤씨 주식회사,중소기업,Connecting-rod/ Cam-shaft 등,전라북도 완주군 봉동읍 장구리 581-6번지,127.117402,35.97426202
대림씨앤씨주식회사,중소기업,자동차부품,전라북도 완주군 봉동읍 둔산리 948-3번지,127.1239733,35.95142451
동해금속(주),중소기업,BUS FRAME,전라북도 완주군 봉동읍 용암리 825-1번지 (완주산업단지),127.1296305,35.94341984
디엘에프엔씨(주),중소기업,OPP FILM,전라북도 완주군 봉동읍 용암리 843 번지,127.1283139,35.94032928
럭스피아(주),중소기업,L.E.D,전라북도 완주군 봉동읍 둔산리 948-1번지,127.1226033,35.95509514
메딕스제약(주),중소기업,완제의약품,전라북도 완주군 봉동읍 둔산리 870-1번지,127.1175166,35.96145631
미원상사(주)전주1공장,중소기업,감광재료,전라북도 완주군 봉동읍 용암리 834번지,127.1394032,35.9416284
미원스페셜티케미칼 주식회사,중소기업,도료첨가제,전라북도 완주군 봉동읍 용암리 834,127.1394032,35.9416284
성현공업주식회사,중소기업,자동차차체용부품,전라북도 완주군 봉동읍 용암리 798 번지,127.1412129,35.94519709
성협공업(주),중소기업,플로아/ 프론트/ 필라,전라북도 완주군 봉동읍 용암리 850-1번지,127.1329124,35.93798672
신한방직(주),중소기업,화섬사/혼방사/면사,전라북도 완주군 이서면 은교리 843번지 신한방,127.0080382,35.81195794
아데카코리아(주),중소기업,ADK STAB A0-50/ A0-60,전라북도 완주군 봉동읍 용암리 839번지,127.131919,35.94067181
애경유화(주),중소기업,2차전지용 음극화물질 등,전라북도 완주군 봉동읍 둔산리 852-2번지,127.1236997,35.96940695
에스피테크(유),중소기업,클러치/ 페달,전라북도 완주군 봉동읍 둔산리 870-4번지,127.1186962,35.96132123
에이프로시스템즈(주),중소기업,발광다이오드,전라북도 완주군 봉동읍 둔산리 863-4번지,127.1198303,35.96682486
에프엘에스정공(주),중소기업,자동차부품/ 금형 및 프레스,전라북도 완주군 봉동읍 장구리 674,127.1089733,35.96466188
엑센도주식회사,중소기업,광센서,전라북도 완주군 봉동읍 둔산리 863-4번지,127.1198303,35.96682486
우신산업(주),중소기업,연료탱크/ 도장품,전라북도 완주군 봉동읍 용암리 825-5 번지,127.1293435,35.94224331
유스타,중소기업,화장품 마스크팩,전라북도 완주군 이서면 이문리 711번지 전북대학교창업보육3센터 2동 1층,127.0143447,35.82182536
유한회사 남신하이텍,중소기업,금속함,전라북도 완주군 봉동읍 둔산리 924-26,127.1323462,35.95622738
유한회사 두리,중소기업,자동차 엔진용 부품,전라북도 완주군 봉동읍 장구리 581-1,127.1139208,35.97431954
유한회사 보광산업,중소기업,캠피스/ 캠/ 샤프트 가공 등,전라북도 완주군 봉동읍 장구리 580-11,127.11906,35.96904691
유한회사 혁신산업개발,중소기업,알미늄창호외/ 금속제도어외/ 경량구조물외,전라북도 완주군 용진읍 구억리 576-1,127.1688333,35.86800155
율천공업(주) 2공장,중소기업,트랙터 후드 ass'y/ 조향장치/ 운전석 모듈,전라북도 완주군 봉동읍 용암리 802 한국차제주식회사,127.1303308,35.94560919
일진하이솔루스 주식회사,중소기업,CNG/수소 차량연료 탱크,전라북도 완주군 봉동읍 용암리 802-15번지,127.128921,35.946016
주식회사 그레잇타임,중소기업,가로수 보호대,전라북도 완주군 봉동읍 둔산리 948-11번지,127.1225834,35.95473584
주식회사 에스엠코어 전주공장,중소기업,스테카 크레인/ 콘베이어/ RGV,전라북도 완주군 봉동읍 용암리 803번지,127.1262435,35.94605751
주식회사 케이씨씨실리콘 전주공장,중소기업,실리콘/ 실란트,전라북도 완주군 봉동읍 용암리 844번지 완주산업단지,127.1222196,35.94038494
주식회사 팜한농 전주공장,중소기업,농약,전라북도 완주군 봉동읍 용암리 841번지,127.1341817,35.94043966
콘티테크플로이드코리아 유한회사,중소기업,실리콘 호스,전라북도 완주군 봉동읍 둔산리 931-8번지,127.118761,35.95661552
폴린트컴포지트코리아주식회사,중소기업,불포화 폴리에스테르 수지,전라북도 완주군 봉동읍 용암리 821-1번지,127.1240974,35.94265711
하이즈복합재산업 주식회사,중소기업,항공기용 부품,전라북도 완주군 봉동읍 둔산리 948-13번지,127.1247485,35.95486384
하이트진로(주)전주공장,중소기업,맥주/ 맥주박/ 곡물류(등외맥/ 부유맥/ 맥피),전라북도 완주군 용진읍 신지리 1256번지,127.1774778,35.91904175
한국앤컴퍼니(주),중소기업,축전지/아스트라,전라북도 완주군 봉동읍 용암리 848-1번지 (완주산업단지),127.1304643,35.93771336
한국차체(주),중소기업,트럭적재함/ 특장차,전라북도 완주군 봉동읍 둔산리 931-4,127.120624,35.95630544
한국프라임제약(주),중소기업,일반용 의약품,전라북도 완주군 봉동읍 둔산리 865-1번지 한국프라임제약,127.1174326,35.96217756
(유)농업회사법인 에녹식품,중소기업,치킨 무,전라북도 완주군 봉동읍 은하율소로 165,127.1711686,35.95237317
(주)대성디에스아이,중소기업,농기계부품,전라북도 완주군 봉동읍 우동로 47 ,127.1173244,35.97035677
(주)대창엠코,중소기업,트랙터 캐빈,전라북도 완주군 봉동읍 테크노밸리1로 61,127.1184639,35.96784201
(주)대현,중소기업,가로등주 및 신호등주 제작,전라북도 완주군 봉동읍 테크노밸리로 440,127.1130211,35.96452196
(주)동의테크,중소기업,엔진헤드,전라북도 완주군 봉동읍 테크노밸리로 505,127.112255,35.9703034
(주)에스디에이치,중소기업,버스프레임,전라북도 완주군 봉동읍 둔산1로 18-3,127.1224886,35.95373871
(주)와이에이치에스앤티,중소기업,농기계부품/ 자동차 물류 기기/ 구조용 금속제품 제조업,전라북도 완주군 봉동읍 첨단산업1로 50,127.1078675,35.96596048
국민섬유합판(주),중소기업,조립식건축물 완부자재,전라북도 완주군 구이면 계곡리 537,127.1124625,35.66190471
반석콘크리트,중소기업,콘크리트벽돌/ 블럭,전라북도 완주군 삼례읍 수계리 387-25,127.1229366,35.93761721
윤공장,중소기업,쌀/ 보리,전라북도 완주군 삼례읍 평동로 1718-5,127.0563984,35.90459949
첨단광고,중소기업,간판 및 현수막,전라북도 완주군 삼례읍 삼례역로 42-1,127.0687494,35.90847581
해동스틸,중소기업,금속 방범창/ 셔터/ 경량골조,전라북도 완주군 삼례읍 수계리 382-37,127.1210799,35.93897862
